File ID,File Name,Run Metadata ID,Protocol,Study Name,PDC Study ID,PDC Study Version,Study ID,Project Name,Data Category,File Type,Access,File Size (in bytes),Md5sum,Downloadable,File Download Link
"06db9429-3cbc-4332-85af-78af257ae6f7","03CPTAC_PDAC-Pilot_W_JHU_20180928_LUMOS_f23.raw","03CPTAC_PDAC-Pilot_W_JHU_20180928","CPTAC JHU PDAC enrichment","Sampling techniques for enrichment of PDAC - Proteome","PDC000393","1","26da108f-b554-4c81-8397-0aded036fe93","CPTAC3 Discovery and Confirmatory","Raw Mass Spectra","Proprietary","Open","711001110","111eb9a4db4db93eaf550078309c27a2","Yes","https://d3iwtkuvwz4jtf.cloudfront.net/raw-files/124/162/03CPTAC_PDAC-Pilot_W_JHU_20180928_LUMOS_f23.raw?Policy=eyJTdGF0ZW1lbnQiOlt7IlJlc291cmNlIjoiaHR0cHM6Ly9kM2l3dGt1dnd6NGp0Zi5jbG91ZGZyb250Lm5ldC9yYXctZmlsZXMvMTI0LzE2Mi8wM0NQVEFDX1BEQUMtUGlsb3RfV19KSFVfMjAxODA5MjhfTFVNT1NfZjIzLnJhdyIsIkNvbmRpdGlvbiI6eyJEYXRlTGVzc1RoYW4iOnsiQVdTOkVwb2NoVGltZSI6MTc2OTgxNjU2N319fV19&Key-Pair-Id=APKAIXDMVIARW22I7ILQ&Signature=CB5TZz9ge02FmmP4cJFZ5ENnulfG2gqzN76d7dfNrmj6VYW0sUUfF56vr1lgvLv5HS1PMvdoAPEtsVWUan7onbRmWXiwip~d2hbWNB~hUTv4-9ydEUB0ulnVy3Jgxhl05elQCRP0LMjqhnUdiVXlhjXloeyz~rzVyMjsEhqpTWdkYRafGAVR11IP8LbNq0HwHKP2cpii-aLsjV9V2vnKylHQ06QvxmmeXXao1Oo6-gO2rll54dVaJ1clVKdgqRSKJM7gXJ~BEq0KTgK9g5TsIYS8EIKOWYCkKhcyp3eL~s-KXzu4KiZk7~he2ALzEIoKXqpdd5pXaE1HpKLB8fTMrw__"
"08a60bf4-6211-49fa-aa01-b3ee346a1740","03CPTAC_PDAC-Pilot_W_JHU_20180928_LUMOS_f12.raw","03CPTAC_PDAC-Pilot_W_JHU_20180928","CPTAC JHU PDAC enrichment","Sampling techniques for enrichment of PDAC - Proteome","PDC000393","1","26da108f-b554-4c81-8397-0aded036fe93","CPTAC3 Discovery and Confirmatory","Raw Mass Spectra","Proprietary","Open","747265432","43722730d40154f13135d790f3401877","Yes","https://d3iwtkuvwz4jtf.cloudfront.net/raw-files/124/162/03CPTAC_PDAC-Pilot_W_JHU_20180928_LUMOS_f12.raw?Policy=eyJTdGF0ZW1lbnQiOlt7IlJlc291cmNlIjoiaHR0cHM6Ly9kM2l3dGt1dnd6NGp0Zi5jbG91ZGZyb250Lm5ldC9yYXctZmlsZXMvMTI0LzE2Mi8wM0NQVEFDX1BEQUMtUGlsb3RfV19KSFVfMjAxODA5MjhfTFVNT1NfZjEyLnJhdyIsIkNvbmRpdGlvbiI6eyJEYXRlTGVzc1RoYW4iOnsiQVdTOkVwb2NoVGltZSI6MTc2OTgxNjU2N319fV19&Key-Pair-Id=APKAIXDMVIARW22I7ILQ&Signature=LLzH3croU6TU4iYMXIrADHH3IZNodZ0thR2cFS82MSGp6CvFNErNiz2vDVgllORGBogGCSklS1hK1Y0AyUmUszBw5O8CGtJ5pn3i9DjUvx6G9nt2nmPTczoMB0zQEVXDlMn9Qg0171HGwcWOPZhfn5X7O7fDvsQARaBMF2fPjnswTU1dW~rsyZ6m6W7wwISGedGbC82DhySZjpUZ3bWITNIhDHPHRLDwB5qsCNoKGjoxVivpoqKvUKhrbogtIbqE~VUQMVvQZ9pHhYirGxzCZ~9k14kU22sAfyrGTrPS7RsJMc7GRAYsL5GxNbp2kDnclq0GQV88uPH5DJ3ajIgSnA__"
"091b2e47-4c92-4d32-9daa-558d19403b17","01CPTAC_PDAC-Pilot_W_JHU_20180920_LUMOS_f06.raw","01CPTAC_PDAC-Pilot_W_JHU_20180920","CPTAC JHU PDAC enrichment","Sampling techniques for enrichment of PDAC - Proteome","PDC000393","1","26da108f-b554-4c81-8397-0aded036fe93","CPTAC3 Discovery and Confirmatory","Raw Mass Spectra","Proprietary","Open","874352116","b556b12a7d798e84112b355961ea3179","Yes","https://d3iwtkuvwz4jtf.cloudfront.net/raw-files/124/162/01CPTAC_PDAC-Pilot_W_JHU_20180920_LUMOS_f06.raw?Policy=eyJTdGF0ZW1lbnQiOlt7IlJlc291cmNlIjoiaHR0cHM6Ly9kM2l3dGt1dnd6NGp0Zi5jbG91ZGZyb250Lm5ldC9yYXctZmlsZXMvMTI0LzE2Mi8wMUNQVEFDX1BEQUMtUGlsb3RfV19KSFVfMjAxODA5MjBfTFVNT1NfZjA2LnJhdyIsIkNvbmRpdGlvbiI6eyJEYXRlTGVzc1RoYW4iOnsiQVdTOkVwb2NoVGltZSI6MTc2OTgxNjU2N319fV19&Key-Pair-Id=APKAIXDMVIARW22I7ILQ&Signature=KcMbAFC7wZLnW9k-pkmABjYiKBizM2T8TqhtcMXlV0z41eK0RIrHmZgYXTuaEi~-bXlc91PgH95qND6ec8ZXJIcvxBE0O-558vSLU-UK3kKjBR55Gt2dout7EiOilBd-LXDcBGSaruaOkDQx-frY7DurFYy7uiaY66EISOtMVnsV4-HXPogwZFtTwR~atnV~XvQc779RC70VgJDN719hof9dmPrm4NRKhgGqHT~SsKSp3PVYnKmr3y6LU-5gsCXpUhHhlxYxf4BNjL6BfSRG9HmtFdZHw5TLxr6MiA--oMnvpCkIICd~Kq0eOWDBf6ND2aqDyogFKu6e6MWnZeNYfQ__"
"0f22ea63-05df-4338-980f-cf81dce47881","02CPTAC_PDAC-Pilot_W_JHU_20180924_LUMOS_f01.raw","02CPTAC_PDAC-Pilot_W_JHU_20180924","CPTAC JHU PDAC enrichment","Sampling techniques for enrichment of PDAC - Proteome","PDC000393","1","26da108f-b554-4c81-8397-0aded036fe93","CPTAC3 Discovery and Confirmatory","Raw Mass Spectra","Proprietary","Open","808991554","4544806f8db50dd2e830af873e296033","Yes","https://d3iwtkuvwz4jtf.cloudfront.net/raw-files/124/162/02CPTAC_PDAC-Pilot_W_JHU_20180924_LUMOS_f01.raw?Policy=eyJTdGF0ZW1lbnQiOlt7IlJlc291cmNlIjoiaHR0cHM6Ly9kM2l3dGt1dnd6NGp0Zi5jbG91ZGZyb250Lm5ldC9yYXctZmlsZXMvMTI0LzE2Mi8wMkNQVEFDX1BEQUMtUGlsb3RfV19KSFVfMjAxODA5MjRfTFVNT1NfZjAxLnJhdyIsIkNvbmRpdGlvbiI6eyJEYXRlTGVzc1RoYW4iOnsiQVdTOkVwb2NoVGltZSI6MTc2OTgxNjU2N319fV19&Key-Pair-Id=APKAIXDMVIARW22I7ILQ&Signature=Rwdx2Pw0Mq-siyzNnOl1zDdQaswQTYxa6Snp9V93UcnMyYv16X5KAnoar9S2ssvvhKhjDRxb7EeN2GJ8IpfR-C~z~soo61d8GdndmKMkjKPbB2BDJdG8DcXCDohxXopbrRobd1n~z118iRFd~2PJsqSNu9OAyLHElw3WSzizIeRfZALG6~BTmdp9AxNQT1CLbUuVdOQZ-H3CmOw-yASmcku-yUpvGJ4Ye3AYYCcdoXI6dxhxihsY5X9Gke-CDq2wEedUrrBIX13NcyHW2p-CYMyfPf6wAtqtDXY7JWiUKVTzas2N3bUuocJkEEO9RPufDmTQI2tQndwa6DZJ94JzHA__"
"1074d476-97c7-4262-973f-c96b136aadec","02CPTAC_PDAC-Pilot_W_JHU_20180924_LUMOS_f04.raw","02CPTAC_PDAC-Pilot_W_JHU_20180924","CPTAC JHU PDAC enrichment","Sampling techniques for enrichment of PDAC - Proteome","PDC000393","1","26da108f-b554-4c81-8397-0aded036fe93","CPTAC3 Discovery and Confirmatory","Raw Mass Spectra","Proprietary","Open","900145914","c4d80834a20d0e596f867d73159df2e0","Yes","https://d3iwtkuvwz4jtf.cloudfront.net/raw-files/124/162/02CPTAC_PDAC-Pilot_W_JHU_20180924_LUMOS_f04.raw?Policy=eyJTdGF0ZW1lbnQiOlt7IlJlc291cmNlIjoiaHR0cHM6Ly9kM2l3dGt1dnd6NGp0Zi5jbG91ZGZyb250Lm5ldC9yYXctZmlsZXMvMTI0LzE2Mi8wMkNQVEFDX1BEQUMtUGlsb3RfV19KSFVfMjAxODA5MjRfTFVNT1NfZjA0LnJhdyIsIkNvbmRpdGlvbiI6eyJEYXRlTGVzc1RoYW4iOnsiQVdTOkVwb2NoVGltZSI6MTc2OTgxNjU2N319fV19&Key-Pair-Id=APKAIXDMVIARW22I7ILQ&Signature=Yh7pmE29RJzb~nEm4QYsB1yvCY2ZnSR7vb4nCo~KF0-D3rr5ntA4uYcYZ8f31MwUQSYNpLwxh1fNQ7VF0IRFEtVONPJsAsM5k7oqpic0cmvIQxNFfAvmuAzrZwfm-cIRM-wVVhruu-NI53vd~ylrRXEzBwwb2K3D01FAo7A0mXm-nfh5IxaKtZXtMrbiENmYK5ZUrUkNsGmBe7ROPNVYiH71XgqtcnZ2yuwN3S1hBuMtp86qaw86aXXCDpKJ~QTR~8d-HoE8dW1VvrYNQ0tdbFFc7BEBxqpawuFjFdxrPKLfQ9Oxny16vDl6-zN8X-x1Iy3WmG~CzxDdDLEzq8vYlQ__"
"14c1123e-6e2a-479a-abfa-d35a6568ec18","01CPTAC_PDAC-Pilot_W_JHU_20180920_LUMOS_f04.raw","01CPTAC_PDAC-Pilot_W_JHU_20180920","CPTAC JHU PDAC enrichment","Sampling techniques for enrichment of PDAC - Proteome","PDC000393","1","26da108f-b554-4c81-8397-0aded036fe93","CPTAC3 Discovery and Confirmatory","Raw Mass Spectra","Proprietary","Open","915858392","fa690ccec13be907c2d4799568e0e470","Yes","https://d3iwtkuvwz4jtf.cloudfront.net/raw-files/124/162/01CPTAC_PDAC-Pilot_W_JHU_20180920_LUMOS_f04.raw?Policy=eyJTdGF0ZW1lbnQiOlt7IlJlc291cmNlIjoiaHR0cHM6Ly9kM2l3dGt1dnd6NGp0Zi5jbG91ZGZyb250Lm5ldC9yYXctZmlsZXMvMTI0LzE2Mi8wMUNQVEFDX1BEQUMtUGlsb3RfV19KSFVfMjAxODA5MjBfTFVNT1NfZjA0LnJhdyIsIkNvbmRpdGlvbiI6eyJEYXRlTGVzc1RoYW4iOnsiQVdTOkVwb2NoVGltZSI6MTc2OTgxNjU2N319fV19&Key-Pair-Id=APKAIXDMVIARW22I7ILQ&Signature=A8FNeNk5sYcq4EzIz0BPWZVMIZCP3h8TdaagLo87jRUNIn7kOuoEGOpe8~hcagFzubyutLM5vK95XBmvz3AmGSsacF~vmBoF7m2Wp72GnuPDSsmL8uDSyaEjUgR60Iscs9pz0qb6cpYbMloqvHi6AWQk8CI1tbWKRWIpZ0k0ct9rZq-NVCIuWhpHrxroO--mpoLOUKnRQkkci66Ws-bLTWTk~n0IBXn1Yj3HEnOvIHFyKowShSkGMvFUV8A1AYSFOIQ01-Ommc4U~bqmXRLEXC5Y55NDux2Y1~EMQNvRZXBXRs~ml60XnFtgCXhyQp2961VQBuoz3uiRcymOPbgXfA__"
"1b6f5ffa-bd25-4e71-b9dd-fba1af6b27d0","01CPTAC_PDAC-Pilot_W_JHU_20180920_LUMOS_f09.raw","01CPTAC_PDAC-Pilot_W_JHU_20180920","CPTAC JHU PDAC enrichment","Sampling techniques for enrichment of PDAC - Proteome","PDC000393","1","26da108f-b554-4c81-8397-0aded036fe93","CPTAC3 Discovery and Confirmatory","Raw Mass Spectra","Proprietary","Open","857838604","654dadeb122d53472beb12710dcba116","Yes","https://d3iwtkuvwz4jtf.cloudfront.net/raw-files/124/162/01CPTAC_PDAC-Pilot_W_JHU_20180920_LUMOS_f09.raw?Policy=eyJTdGF0ZW1lbnQiOlt7IlJlc291cmNlIjoiaHR0cHM6Ly9kM2l3dGt1dnd6NGp0Zi5jbG91ZGZyb250Lm5ldC9yYXctZmlsZXMvMTI0LzE2Mi8wMUNQVEFDX1BEQUMtUGlsb3RfV19KSFVfMjAxODA5MjBfTFVNT1NfZjA5LnJhdyIsIkNvbmRpdGlvbiI6eyJEYXRlTGVzc1RoYW4iOnsiQVdTOkVwb2NoVGltZSI6MTc2OTgxNjU2N319fV19&Key-Pair-Id=APKAIXDMVIARW22I7ILQ&Signature=bAegjWrvEvdzyRVCxIWb9wizfRkF-m8CxAxAnRc5MOD3gT9GdtmijiGyJkU-M~WWMX6k48ue07uybaQ-TAPZZCNHuQ0kZjRrDUj-LaREe5LUcrEz29Omrgh41bUdBJb1RfUIDwVH-BXsucFOQ-q3kXuc3MBiVSQEo~rNH7g4--wZ~tFEZ21FWo1H5hc3n14H6JKf7z4l7mEG8EysFTOFstmfiTAYH~ds2UJa2lfR5SAUZKJVQeMHKKc1HlHk~R5vPzY1huis0vU87AA0o5GLVQHTWvzHQR9oJR2yg66-SGatMXHtxGTR4EMGuZ-7WBy~mOUVHMxdAhYe0Joc4PCatg__"
"1c36ad19-eee4-4fce-a692-e5ecfdefdaa5","03CPTAC_PDAC-Pilot_W_JHU_20180928_LUMOS_f06.raw","03CPTAC_PDAC-Pilot_W_JHU_20180928","CPTAC JHU PDAC enrichment","Sampling techniques for enrichment of PDAC - Proteome","PDC000393","1","26da108f-b554-4c81-8397-0aded036fe93","CPTAC3 Discovery and Confirmatory","Raw Mass Spectra","Proprietary","Open","791244030","4672c129e79559fa364a3ae03e5b3012","Yes","https://d3iwtkuvwz4jtf.cloudfront.net/raw-files/124/162/03CPTAC_PDAC-Pilot_W_JHU_20180928_LUMOS_f06.raw?Policy=eyJTdGF0ZW1lbnQiOlt7IlJlc291cmNlIjoiaHR0cHM6Ly9kM2l3dGt1dnd6NGp0Zi5jbG91ZGZyb250Lm5ldC9yYXctZmlsZXMvMTI0LzE2Mi8wM0NQVEFDX1BEQUMtUGlsb3RfV19KSFVfMjAxODA5MjhfTFVNT1NfZjA2LnJhdyIsIkNvbmRpdGlvbiI6eyJEYXRlTGVzc1RoYW4iOnsiQVdTOkVwb2NoVGltZSI6MTc2OTgxNjU2N319fV19&Key-Pair-Id=APKAIXDMVIARW22I7ILQ&Signature=hJtFFgXvb1k9VMPTtZjhpGhYzAFjDPJN57hsKRhWXVcHrqUjsjZlTNJyXBVsDeljrGGIiRQcB7yowHqpPdp4n2KTSm0ieE3tEDmDi-VAgFNT2NMvaq8I4HqrO1bwZzH-JQpzwi6fMn7Spaczc1ibWdLK3NKZsTUE-RTptjGDnga9xk8PKTWP3tiveKvktIxSqWamvkk3o92mHT~RQcTdnW7-fHl~-pgZpY-3UfNB1pCUtNtgAm4OQurOUZ026Hs1Mg0zmR-qwCdoC-Y13WoxeG0I7Px85nA6cfG3rT6BnSTZt~rBwQDDcxUjtX-NhXQhRbGLKwjITYcetWNQ79yfRg__"
"1fcd6373-63ea-45a1-994c-046cb5ed82fc","02CPTAC_PDAC-Pilot_W_JHU_20180924_LUMOS_f02.raw","02CPTAC_PDAC-Pilot_W_JHU_20180924","CPTAC JHU PDAC enrichment","Sampling techniques for enrichment of PDAC - Proteome","PDC000393","1","26da108f-b554-4c81-8397-0aded036fe93","CPTAC3 Discovery and Confirmatory","Raw Mass Spectra","Proprietary","Open","840996376","4952222189d454d4801a28b7db9e6afc","Yes","https://d3iwtkuvwz4jtf.cloudfront.net/raw-files/124/162/02CPTAC_PDAC-Pilot_W_JHU_20180924_LUMOS_f02.raw?Policy=eyJTdGF0ZW1lbnQiOlt7IlJlc291cmNlIjoiaHR0cHM6Ly9kM2l3dGt1dnd6NGp0Zi5jbG91ZGZyb250Lm5ldC9yYXctZmlsZXMvMTI0LzE2Mi8wMkNQVEFDX1BEQUMtUGlsb3RfV19KSFVfMjAxODA5MjRfTFVNT1NfZjAyLnJhdyIsIkNvbmRpdGlvbiI6eyJEYXRlTGVzc1RoYW4iOnsiQVdTOkVwb2NoVGltZSI6MTc2OTgxNjU2N319fV19&Key-Pair-Id=APKAIXDMVIARW22I7ILQ&Signature=Wx1nEonYPCq~zA-Ssa8yYqpu6BR98saYJs2-M6OHWzWbKHvGMPDtx9Pi-OIclYjsjJn~vuBzqjqTIBYMizUnFlYto6l~0j5TlFMUW~FIDELQQsBqj~1Ttc~CF4nkmUzSE5-n3XOM~oXhvygH3TlHQCCX2C9e8tRnhf~uD2CdZZK4b9DkKpqviDGpAxVeOKqQskUFI7KgZ7S2vnYF9iSUQ-uKn6cmAPVJSKUTO5pNQerfsYdcYoeKsoPXXO0~fZ350h7LQR7hmZu5ItJ~Q-wK-NjprizscD-O6xr0NeKqEWjdwl~1Wr-ANXiJgLQO8ad6XU4fXWTcUxeniU4ODC6RVg__"
"254c1114-21e5-4040-bfcf-7f97cc4330fe","01CPTAC_PDAC-Pilot_W_JHU_20180920_LUMOS_f13.raw","01CPTAC_PDAC-Pilot_W_JHU_20180920","CPTAC JHU PDAC enrichment","Sampling techniques for enrichment of PDAC - Proteome","PDC000393","1","26da108f-b554-4c81-8397-0aded036fe93","CPTAC3 Discovery and Confirmatory","Raw Mass Spectra","Proprietary","Open","833225796","6156a7121125951a3ad6513251bc531d","Yes","https://d3iwtkuvwz4jtf.cloudfront.net/raw-files/124/162/01CPTAC_PDAC-Pilot_W_JHU_20180920_LUMOS_f13.raw?Policy=eyJTdGF0ZW1lbnQiOlt7IlJlc291cmNlIjoiaHR0cHM6Ly9kM2l3dGt1dnd6NGp0Zi5jbG91ZGZyb250Lm5ldC9yYXctZmlsZXMvMTI0LzE2Mi8wMUNQVEFDX1BEQUMtUGlsb3RfV19KSFVfMjAxODA5MjBfTFVNT1NfZjEzLnJhdyIsIkNvbmRpdGlvbiI6eyJEYXRlTGVzc1RoYW4iOnsiQVdTOkVwb2NoVGltZSI6MTc2OTgxNjU2N319fV19&Key-Pair-Id=APKAIXDMVIARW22I7ILQ&Signature=YC-6UCG4pMqJw5XW8duIHKgwImi~dd1aDvnfJiXicw1dylUdHOxCMsYH1xqdtr7DW~4UHTZyv6mcPV3qZJ1OjKR5rdZusw8glk6NcYyn~kM4~TqGmvPzAzH-bH-a02eTOLp-C2ZcPhvDoM6FcTiEKja2oNbvYupXzGXzA3~bC61XOSAHhCBZ-Gkw3i9foH~OtMXfWSWw-QkV66COQy6O-OQaUHx1YOkpVCD9iNboYYojK0sxjOBzav8B~DvYVvE3FTGP4truRYEowXq2zHSpMFL7Nj7NPbprvx0A56o5W6RAy5zkDOZx-GHXj4yZdet8tdJ7Uq9XQNdL5oRLvKLPOg__"
"25c76ca1-2529-403d-89c4-28db56827c00","01CPTAC_PDAC-Pilot_W_JHU_20180920_LUMOS_f18.raw","01CPTAC_PDAC-Pilot_W_JHU_20180920","CPTAC JHU PDAC enrichment","Sampling techniques for enrichment of PDAC - Proteome","PDC000393","1","26da108f-b554-4c81-8397-0aded036fe93","CPTAC3 Discovery and Confirmatory","Raw Mass Spectra","Proprietary","Open","890947164","7754d8cf33e6bf2f9fb27fdd0523ae98","Yes","https://d3iwtkuvwz4jtf.cloudfront.net/raw-files/124/162/01CPTAC_PDAC-Pilot_W_JHU_20180920_LUMOS_f18.raw?Policy=eyJTdGF0ZW1lbnQiOlt7IlJlc291cmNlIjoiaHR0cHM6Ly9kM2l3dGt1dnd6NGp0Zi5jbG91ZGZyb250Lm5ldC9yYXctZmlsZXMvMTI0LzE2Mi8wMUNQVEFDX1BEQUMtUGlsb3RfV19KSFVfMjAxODA5MjBfTFVNT1NfZjE4LnJhdyIsIkNvbmRpdGlvbiI6eyJEYXRlTGVzc1RoYW4iOnsiQVdTOkVwb2NoVGltZSI6MTc2OTgxNjU2N319fV19&Key-Pair-Id=APKAIXDMVIARW22I7ILQ&Signature=WppGkOE-rcnd~JSyHuEqQljNth~32khA446Mkda2furGxrzXl7YPF7Vp0h57pYeiG7GW4STreWoguxjgGuLbACuYRRbbzupAl2mUEEMcp1XKAHwU4xfhg17vTbOa42JmJDopxONXMiNZI~K4njp0SaEKGeSYyVg0Pd7UpItHF4gnyEd6JdgQbPwI0g9MocPz5XwqsGYWhyE6HwTl7t4z2NsQO~lNPIXvoqyh5fxONNeg7KeUuMqi5fHFCxkUEI7T3qjBLwqlZcsVsZI-IZ8hiwJZeEFZgz61Y6MUnhmzR6Afu~KUCa6YbN-W4JfGZVygG-OWvH8NgF6IWM-laGHgRQ__"
"2907e929-7822-4dc0-be98-590edc565822","01CPTAC_PDAC-Pilot_W_JHU_20180920_LUMOS_f12.raw","01CPTAC_PDAC-Pilot_W_JHU_20180920","CPTAC JHU PDAC enrichment","Sampling techniques for enrichment of PDAC - Proteome","PDC000393","1","26da108f-b554-4c81-8397-0aded036fe93","CPTAC3 Discovery and Confirmatory","Raw Mass Spectra","Proprietary","Open","878861664","c0fc4b569c0c7da7e518a3fdb7e394de","Yes","https://d3iwtkuvwz4jtf.cloudfront.net/raw-files/124/162/01CPTAC_PDAC-Pilot_W_JHU_20180920_LUMOS_f12.raw?Policy=eyJTdGF0ZW1lbnQiOlt7IlJlc291cmNlIjoiaHR0cHM6Ly9kM2l3dGt1dnd6NGp0Zi5jbG91ZGZyb250Lm5ldC9yYXctZmlsZXMvMTI0LzE2Mi8wMUNQVEFDX1BEQUMtUGlsb3RfV19KSFVfMjAxODA5MjBfTFVNT1NfZjEyLnJhdyIsIkNvbmRpdGlvbiI6eyJEYXRlTGVzc1RoYW4iOnsiQVdTOkVwb2NoVGltZSI6MTc2OTgxNjU2N319fV19&Key-Pair-Id=APKAIXDMVIARW22I7ILQ&Signature=dNoHUQGzdROH~MoDWOUqgYJbjaD0NZWA93pe7qTQLQYGRBJwx-DPcLCiutilQTBRFUXo~2G12OVO8Gj2BxH4jusk4LrPtMRjrcXZmvwuYMsHIreBERLK33wT0yDUDzLZc4xV3ZLy~qcZvdtPX79o0yaSs~20qqZewEZXf-fHjx-sV8JP7Ty9-V808WFdKjrVzP9fghcD7Y7Nc~6Jf9OjKM~nb2Qa2Ksi6rh9bGN2NzHnGZv0fNKW1mLlMe0VZ6hUAHDNVM8jI00yDDPd7Zf-3MeXYQqArNLhTrCkk9ksUyagwHsn7Mtrzlqkb2x3E2WUiem~AD8Rpq0SnsSN15LswQ__"
"294df10a-f125-4b17-abf9-ee2eb95d2450","03CPTAC_PDAC-Pilot_W_JHU_20180928_LUMOS_fA.raw","03CPTAC_PDAC-Pilot_W_JHU_20180928","CPTAC JHU PDAC enrichment","Sampling techniques for enrichment of PDAC - Proteome","PDC000393","1","26da108f-b554-4c81-8397-0aded036fe93","CPTAC3 Discovery and Confirmatory","Raw Mass Spectra","Proprietary","Open","723192518","2651d33bdebb62393457c8649041bc53","Yes","https://d3iwtkuvwz4jtf.cloudfront.net/raw-files/124/162/03CPTAC_PDAC-Pilot_W_JHU_20180928_LUMOS_fA.raw?Policy=eyJTdGF0ZW1lbnQiOlt7IlJlc291cmNlIjoiaHR0cHM6Ly9kM2l3dGt1dnd6NGp0Zi5jbG91ZGZyb250Lm5ldC9yYXctZmlsZXMvMTI0LzE2Mi8wM0NQVEFDX1BEQUMtUGlsb3RfV19KSFVfMjAxODA5MjhfTFVNT1NfZkEucmF3IiwiQ29uZGl0aW9uIjp7IkRhdGVMZXNzVGhhbiI6eyJBV1M6RXBvY2hUaW1lIjoxNzY5ODE2NTY3fX19XX0_&Key-Pair-Id=APKAIXDMVIARW22I7ILQ&Signature=Ma5Hik-K6HZ9gfx682zfJkqOgOOWY3q~U1o-sol1kfwfgVzEGHvRmIsa5gId7gUOA1MUbN6ss59x6lQWO9mgzGG~d40dkp2lbJmoA~2KP~~tZ7gHtDx-6BVNoY895Hl-Bh6BUeCugpkp-yO7JlbgyXHO5jf9QkDXkRJInasmpQaH7PxF2dwTj65~8iBmP4DgDsrALZe1Y5g~ZThRHaJS5CHWJNQM30UKXJRdqDYqUtOeMf6bD-6PNFt1qRZ0BNs7TlU-lpqD-KaLP7Qfg9I56OwjlsubblKanXMInjzSYZsOAxJk4~D9A2byEyZd1mMeuhhLgrClMYSezWFHTCUmLA__"
"2972e691-9e9b-4977-927f-515c15869c57","02CPTAC_PDAC-Pilot_W_JHU_20180924_LUMOS_f18.raw","02CPTAC_PDAC-Pilot_W_JHU_20180924","CPTAC JHU PDAC enrichment","Sampling techniques for enrichment of PDAC - Proteome","PDC000393","1","26da108f-b554-4c81-8397-0aded036fe93","CPTAC3 Discovery and Confirmatory","Raw Mass Spectra","Proprietary","Open","798347686","8927937bbe059ac8deccb20fb2719ce9","Yes","https://d3iwtkuvwz4jtf.cloudfront.net/raw-files/124/162/02CPTAC_PDAC-Pilot_W_JHU_20180924_LUMOS_f18.raw?Policy=eyJTdGF0ZW1lbnQiOlt7IlJlc291cmNlIjoiaHR0cHM6Ly9kM2l3dGt1dnd6NGp0Zi5jbG91ZGZyb250Lm5ldC9yYXctZmlsZXMvMTI0LzE2Mi8wMkNQVEFDX1BEQUMtUGlsb3RfV19KSFVfMjAxODA5MjRfTFVNT1NfZjE4LnJhdyIsIkNvbmRpdGlvbiI6eyJEYXRlTGVzc1RoYW4iOnsiQVdTOkVwb2NoVGltZSI6MTc2OTgxNjU2N319fV19&Key-Pair-Id=APKAIXDMVIARW22I7ILQ&Signature=e0DDolIzGUe2QsEp4kG6xl~R6HIjHLuNbtimAwyQTCYBRYAK1e0mXxUEOY3~Z5JXPHrU-QlzKSKOyBg2c24YOQv1DKGNksyK0630kkyPKMzuc3~UpVTW8G37E3R26myWzav-jMsnZUmbtqljXYD01JlqGMeiFOGxgwtgsq2x49fsfymeHIOXZOElVQ-RWTml1~BwKRKZGaYFQUJgvI4bQf~-NMPyWQePArfBNdRcMEzHkuMIkoWs1DsfCokMaNa9~gQrJ6OKR9D8Yr-PjvzO5~myU410OqiUaJN1Ct20QlhRBVilWfPvz3OsqAeAvNZy-CZfWGjJr1otF712QdT-qw__"
"2c324fb3-cef8-463b-8c08-068032e1e214","01CPTAC_PDAC-Pilot_W_JHU_20180920_LUMOS_f05.raw","01CPTAC_PDAC-Pilot_W_JHU_20180920","CPTAC JHU PDAC enrichment","Sampling techniques for enrichment of PDAC - Proteome","PDC000393","1","26da108f-b554-4c81-8397-0aded036fe93","CPTAC3 Discovery and Confirmatory","Raw Mass Spectra","Proprietary","Open","835682056","2b666c365fcae91391924dd15bf53351","Yes","https://d3iwtkuvwz4jtf.cloudfront.net/raw-files/124/162/01CPTAC_PDAC-Pilot_W_JHU_20180920_LUMOS_f05.raw?Policy=eyJTdGF0ZW1lbnQiOlt7IlJlc291cmNlIjoiaHR0cHM6Ly9kM2l3dGt1dnd6NGp0Zi5jbG91ZGZyb250Lm5ldC9yYXctZmlsZXMvMTI0LzE2Mi8wMUNQVEFDX1BEQUMtUGlsb3RfV19KSFVfMjAxODA5MjBfTFVNT1NfZjA1LnJhdyIsIkNvbmRpdGlvbiI6eyJEYXRlTGVzc1RoYW4iOnsiQVdTOkVwb2NoVGltZSI6MTc2OTgxNjU2N319fV19&Key-Pair-Id=APKAIXDMVIARW22I7ILQ&Signature=VJL0QVVNhfjwJm1SfMbpTAe-9sJAF882lpmWWDl2dT7sr1feux9kcmD~GFkQhm1HyKqYlxc4KFvH-wlLoXfG2V5leTztcYdsE40koZ9Zzp~RECeXlOjf9YooUhG~qOf6qdImFgcIoj6q7k2nawFPEOzzdij9P9R4kjeohY~22BVNX097Il3Cz98m682JZgTkTykRjJPkxHHNq-cCq1uqhIsQBjxF0kbWTbA11GicnoBFC5NVILV8reQJrA9iD0-52f5ewaKThUMEP4kAcrwNiccAjx0jz8oEP-vlGe~pBXxjIC4lletJHOSvWZF7TmSh8hy28fKdADmxEEKQeu9Yyw__"
"2c438931-00de-4e8a-b890-d6b99856b61d","01CPTAC_PDAC-Pilot_W_JHU_20180920_LUMOS_f15.raw","01CPTAC_PDAC-Pilot_W_JHU_20180920","CPTAC JHU PDAC enrichment","Sampling techniques for enrichment of PDAC - Proteome","PDC000393","1","26da108f-b554-4c81-8397-0aded036fe93","CPTAC3 Discovery and Confirmatory","Raw Mass Spectra","Proprietary","Open","890368900","139e5f10ed0207743dd91d0401b9594f","Yes","https://d3iwtkuvwz4jtf.cloudfront.net/raw-files/124/162/01CPTAC_PDAC-Pilot_W_JHU_20180920_LUMOS_f15.raw?Policy=eyJTdGF0ZW1lbnQiOlt7IlJlc291cmNlIjoiaHR0cHM6Ly9kM2l3dGt1dnd6NGp0Zi5jbG91ZGZyb250Lm5ldC9yYXctZmlsZXMvMTI0LzE2Mi8wMUNQVEFDX1BEQUMtUGlsb3RfV19KSFVfMjAxODA5MjBfTFVNT1NfZjE1LnJhdyIsIkNvbmRpdGlvbiI6eyJEYXRlTGVzc1RoYW4iOnsiQVdTOkVwb2NoVGltZSI6MTc2OTgxNjU2N319fV19&Key-Pair-Id=APKAIXDMVIARW22I7ILQ&Signature=QL2cZVLzaFgszIWimEvzKlQ5p7v~maEYKBlgZLPxXoqP0nlyeMnBJOSy9yljbG-bPXyMUGYyrvZDIV6hCV1sgz969G0SYpSmslxljGWdZazV~1l8GSj-0nePLiznqdeBSoSL8eePX0PddcgXLDS9YepK48vNEO3Q96ChzRQ2RQUpjUQtqCnalhHTmu7EapUlh0DYNYGBqciyE7wYSgQHwlFpV2GOpc2SRbX4YiZ76eE~7i3O1yxvyNMAIApzj6srD2DCU6tCNSSYXziAgiTZYqoWd45KAaNIM0qDzL4BpZgeB7gNu3O0LCpyT4-rChsAoRgP8kH6bcvYB2dPgLJJ6Q__"
"30e3e716-e4ab-4cf2-bc2a-4cf46f064601","02CPTAC_PDAC-Pilot_W_JHU_20180924_LUMOS_f14.raw","02CPTAC_PDAC-Pilot_W_JHU_20180924","CPTAC JHU PDAC enrichment","Sampling techniques for enrichment of PDAC - Proteome","PDC000393","1","26da108f-b554-4c81-8397-0aded036fe93","CPTAC3 Discovery and Confirmatory","Raw Mass Spectra","Proprietary","Open","826679444","5a634e93c2e75815a3c1502f113633b4","Yes","https://d3iwtkuvwz4jtf.cloudfront.net/raw-files/124/162/02CPTAC_PDAC-Pilot_W_JHU_20180924_LUMOS_f14.raw?Policy=eyJTdGF0ZW1lbnQiOlt7IlJlc291cmNlIjoiaHR0cHM6Ly9kM2l3dGt1dnd6NGp0Zi5jbG91ZGZyb250Lm5ldC9yYXctZmlsZXMvMTI0LzE2Mi8wMkNQVEFDX1BEQUMtUGlsb3RfV19KSFVfMjAxODA5MjRfTFVNT1NfZjE0LnJhdyIsIkNvbmRpdGlvbiI6eyJEYXRlTGVzc1RoYW4iOnsiQVdTOkVwb2NoVGltZSI6MTc2OTgxNjU2N319fV19&Key-Pair-Id=APKAIXDMVIARW22I7ILQ&Signature=alPg4ssPEIT-bSmzX1SU9oMPn3bGfoOInYZ8L8a1jfhfsTz9woRQ2D1qZZQ746wx7HtnS5gsnsXOkUv7Fdc~5VXEQwXGFb0oKbXDMnC4R2AXc9UKw2bMbUu0NJUNsLbOBpOSt6epT5JSdLBtZXu-l8r5gxfC2a0iC1M2TnA-Ws5pYAKFua10YDP566VX-cTIHZPWo9n5dnBdPjbJl0CiOC12-1LNcnzitvojScEC2xDvxlt5MyKBrFsCg-JVDfeSLK1D~1HyYp622HywrZpDRQ2T6a0ksedz~xFjTaskWp8zZFV2jdfkDJUIzWrKxk81fS0Yx-mI-s4y648K93FW6w__"
"35b061a8-fc90-400b-91f2-51aee0b5e604","03CPTAC_PDAC-Pilot_W_JHU_20180928_LUMOS_f02.raw","03CPTAC_PDAC-Pilot_W_JHU_20180928","CPTAC JHU PDAC enrichment","Sampling techniques for enrichment of PDAC - Proteome","PDC000393","1","26da108f-b554-4c81-8397-0aded036fe93","CPTAC3 Discovery and Confirmatory","Raw Mass Spectra","Proprietary","Open","779446632","61a50f2ee4a8846e419d2c4b32c0e82c","Yes","https://d3iwtkuvwz4jtf.cloudfront.net/raw-files/124/162/03CPTAC_PDAC-Pilot_W_JHU_20180928_LUMOS_f02.raw?Policy=eyJTdGF0ZW1lbnQiOlt7IlJlc291cmNlIjoiaHR0cHM6Ly9kM2l3dGt1dnd6NGp0Zi5jbG91ZGZyb250Lm5ldC9yYXctZmlsZXMvMTI0LzE2Mi8wM0NQVEFDX1BEQUMtUGlsb3RfV19KSFVfMjAxODA5MjhfTFVNT1NfZjAyLnJhdyIsIkNvbmRpdGlvbiI6eyJEYXRlTGVzc1RoYW4iOnsiQVdTOkVwb2NoVGltZSI6MTc2OTgxNjU2N319fV19&Key-Pair-Id=APKAIXDMVIARW22I7ILQ&Signature=BzwxnsKeWnSkxXVDh1Go5UgiVRlYnfx3WwQ4CtIv9~zamCcfFqf7wxy6KlupNE~dYme13eONF9PVG0MDzRdVFuveOD9i9ZGF028fUTG~F-3u3CpibDZQescqmJ7J-v5oN7aiQgUS6xomRDUzd9pbw0LhWia6-wONsw8EfPsGP7uqWT4cIIAUcG0vrV2XWF3vOz4XiC9UlfV7fQrDpt570FH~rDn708v5JwdeymiZsdsEPiyom0N2p164KgcYXjqUujy-46uvQIAcUCJQUKKtEVgzAE~af~HdoW5ybdYuh~6zAWgTNOLm3CF6tsmk71L0grvnchTCuqbjbCmN5CIA8w__"
"3aeb9167-7ca2-4b89-8956-26d0b703176f","03CPTAC_PDAC-Pilot_W_JHU_20180928_LUMOS_f20.raw","03CPTAC_PDAC-Pilot_W_JHU_20180928","CPTAC JHU PDAC enrichment","Sampling techniques for enrichment of PDAC - Proteome","PDC000393","1","26da108f-b554-4c81-8397-0aded036fe93","CPTAC3 Discovery and Confirmatory","Raw Mass Spectra","Proprietary","Open","718321478","d10bd35cf4e32770bd83d7dcf731fbfc","Yes","https://d3iwtkuvwz4jtf.cloudfront.net/raw-files/124/162/03CPTAC_PDAC-Pilot_W_JHU_20180928_LUMOS_f20.raw?Policy=eyJTdGF0ZW1lbnQiOlt7IlJlc291cmNlIjoiaHR0cHM6Ly9kM2l3dGt1dnd6NGp0Zi5jbG91ZGZyb250Lm5ldC9yYXctZmlsZXMvMTI0LzE2Mi8wM0NQVEFDX1BEQUMtUGlsb3RfV19KSFVfMjAxODA5MjhfTFVNT1NfZjIwLnJhdyIsIkNvbmRpdGlvbiI6eyJEYXRlTGVzc1RoYW4iOnsiQVdTOkVwb2NoVGltZSI6MTc2OTgxNjU2OH19fV19&Key-Pair-Id=APKAIXDMVIARW22I7ILQ&Signature=MudzK6CwySZH5stHzF6XCQAjdaMMDvqVMgLnzGt9~Vv6p08V1hgpgUKzGnFpJlVYV8YUqXv0aldvwv-Y3JAj0~mWef9PfksZhaU5kzItq9mo1~EfOmWciXKjfy0r1~omw3ZOrWJG4UYIPUKYWlk8Oy~ik6PNiGYnlhyupZWI42MRDHeAiOZ0Ydtyu4lsJ1ZunUUtr8ec3o4QyfaNitxFXEi7mXofjTuHPXvBf02d7Qw07kI6mbCqQRrkvXd8SCZ4ERDRRVcPrJ~M0VCvI7~YMci0sBRft6L4qbBO6m9ZQqFhjFG5uJ1fyBB3HakI-k7YMSQKiyD-bnrtqiuc3crcaA__"
"41574ddd-0507-424e-a35b-654ed9a31e46","01CPTAC_PDAC-Pilot_W_JHU_20180920_LUMOS_f20.raw","01CPTAC_PDAC-Pilot_W_JHU_20180920","CPTAC JHU PDAC enrichment","Sampling techniques for enrichment of PDAC - Proteome","PDC000393","1","26da108f-b554-4c81-8397-0aded036fe93","CPTAC3 Discovery and Confirmatory","Raw Mass Spectra","Proprietary","Open","859440816","b3a418c80db2310dc04bb04ce3340442","Yes","https://d3iwtkuvwz4jtf.cloudfront.net/raw-files/124/162/01CPTAC_PDAC-Pilot_W_JHU_20180920_LUMOS_f20.raw?Policy=eyJTdGF0ZW1lbnQiOlt7IlJlc291cmNlIjoiaHR0cHM6Ly9kM2l3dGt1dnd6NGp0Zi5jbG91ZGZyb250Lm5ldC9yYXctZmlsZXMvMTI0LzE2Mi8wMUNQVEFDX1BEQUMtUGlsb3RfV19KSFVfMjAxODA5MjBfTFVNT1NfZjIwLnJhdyIsIkNvbmRpdGlvbiI6eyJEYXRlTGVzc1RoYW4iOnsiQVdTOkVwb2NoVGltZSI6MTc2OTgxNjU2OH19fV19&Key-Pair-Id=APKAIXDMVIARW22I7ILQ&Signature=g021WkOEIai2st6CVnPxlXnndPYINnDmZIc9uk095ay7t-kCwvHMI1Dzcgq1qMIwSdLViJAMAnCudnQsk2IW5f7UH1SpLTt2YxumgpP5z8ggrAVrnP3qQVMlup59JFniXDFxWiUuW8panH-P0OwpFZlk0T6h-txr4Ov4sU8NBpwWyiKixRJ~6mybCfjNSoXkZfbEeM4FzFEirI2t7FIpmBqpPZ8y3ugN4dHNKKUnjzuPGJ~ze4YSeWbbAUUvzUX2riIoOnqLWCja0UafbYwSwT2OK9y9U8bC9Ial7qMCtI~qZyIh~R0syptvjujR9qh~f-haYywySKKPxqdhmGUFYw__"
"41a4364d-a533-478d-b824-d1bc7548b61b","02CPTAC_PDAC-Pilot_W_JHU_20180924_LUMOS_f17.raw","02CPTAC_PDAC-Pilot_W_JHU_20180924","CPTAC JHU PDAC enrichment","Sampling techniques for enrichment of PDAC - Proteome","PDC000393","1","26da108f-b554-4c81-8397-0aded036fe93","CPTAC3 Discovery and Confirmatory","Raw Mass Spectra","Proprietary","Open","812139226","829cc7157ec752b273149aa1951beb7f","Yes","https://d3iwtkuvwz4jtf.cloudfront.net/raw-files/124/162/02CPTAC_PDAC-Pilot_W_JHU_20180924_LUMOS_f17.raw?Policy=eyJTdGF0ZW1lbnQiOlt7IlJlc291cmNlIjoiaHR0cHM6Ly9kM2l3dGt1dnd6NGp0Zi5jbG91ZGZyb250Lm5ldC9yYXctZmlsZXMvMTI0LzE2Mi8wMkNQVEFDX1BEQUMtUGlsb3RfV19KSFVfMjAxODA5MjRfTFVNT1NfZjE3LnJhdyIsIkNvbmRpdGlvbiI6eyJEYXRlTGVzc1RoYW4iOnsiQVdTOkVwb2NoVGltZSI6MTc2OTgxNjU2OH19fV19&Key-Pair-Id=APKAIXDMVIARW22I7ILQ&Signature=Mczq1bXE0K0b~8P7tlYhHnrziMQsByimizjbVTukRZ5L0kEVzhUHJpo1Ds5Recem5Var~r41ffk5g6VIoCZY39Q1EyB-5F4UlMajMJ3jjDV9bHJtWpTfPD3ghI0o5Fk~7JqwxCgRmMUegCF4tKo3v2YJsNY2WGkaXWrEdCkpLHHtMqZHlbv5e28V5E0eyov9d~pgiV5vAZkYrgCuNv~weRrNYhhOzo8g3xSNkIBXfCMhuMACSpAFRoR0U2E80unlx6nI7QSdpDdPB7mispEkuD8GYfmhBQF2YMlB4Twe8VL0EesalpQf-QgyXR7MWbtnRkExLBTeP-xWboJ5nUlbHw__"
"44e2dce4-8029-4159-8436-e62cd16900d2","03CPTAC_PDAC-Pilot_W_JHU_20180928_LUMOS_f08.raw","03CPTAC_PDAC-Pilot_W_JHU_20180928","CPTAC JHU PDAC enrichment","Sampling techniques for enrichment of PDAC - Proteome","PDC000393","1","26da108f-b554-4c81-8397-0aded036fe93","CPTAC3 Discovery and Confirmatory","Raw Mass Spectra","Proprietary","Open","781826586","68a9a68a9ee0d49aed3f01c2068b9442","Yes","https://d3iwtkuvwz4jtf.cloudfront.net/raw-files/124/162/03CPTAC_PDAC-Pilot_W_JHU_20180928_LUMOS_f08.raw?Policy=eyJTdGF0ZW1lbnQiOlt7IlJlc291cmNlIjoiaHR0cHM6Ly9kM2l3dGt1dnd6NGp0Zi5jbG91ZGZyb250Lm5ldC9yYXctZmlsZXMvMTI0LzE2Mi8wM0NQVEFDX1BEQUMtUGlsb3RfV19KSFVfMjAxODA5MjhfTFVNT1NfZjA4LnJhdyIsIkNvbmRpdGlvbiI6eyJEYXRlTGVzc1RoYW4iOnsiQVdTOkVwb2NoVGltZSI6MTc2OTgxNjU2OH19fV19&Key-Pair-Id=APKAIXDMVIARW22I7ILQ&Signature=QqCo9nkE4UU8JkfJKjXJ6~cNx6l8FKNKSDGAT1F55uqR9mYkJ~LJmxDDdWkV3SwDqYwxazXraotCYikiTMzNCi8PPeGZxsRm4NIFIPaeGg-szPfXfr0as5mtYaXW9-LC9zOcfJ3~11hjSmWSJObSTB-kYNr3NwZmPz8oP6oSGlEaQv1FQZJvC7TE1BkDRl-mXIEE7abcjYhM4qSYYck~xXv1e4bcC5BID9y~gPBpdTndD-8NtMJUs3XesmxXCbvPL~Qgkt2MmL~nf9k0148rD4-6viy8WwBlEKUaWC8b2A2A2kmIFlTBl6ZLLmDIHbne5y7UCR8~Envp-Vnu7Q-Ytg__"
"4513975c-cd06-48a8-a91a-7195f30d794a","03CPTAC_PDAC-Pilot_W_JHU_20180928_LUMOS_f15.raw","03CPTAC_PDAC-Pilot_W_JHU_20180928","CPTAC JHU PDAC enrichment","Sampling techniques for enrichment of PDAC - Proteome","PDC000393","1","26da108f-b554-4c81-8397-0aded036fe93","CPTAC3 Discovery and Confirmatory","Raw Mass Spectra","Proprietary","Open","778013864","c04cd334b4bdc93d408089cd8e1fd58e","Yes","https://d3iwtkuvwz4jtf.cloudfront.net/raw-files/124/162/03CPTAC_PDAC-Pilot_W_JHU_20180928_LUMOS_f15.raw?Policy=eyJTdGF0ZW1lbnQiOlt7IlJlc291cmNlIjoiaHR0cHM6Ly9kM2l3dGt1dnd6NGp0Zi5jbG91ZGZyb250Lm5ldC9yYXctZmlsZXMvMTI0LzE2Mi8wM0NQVEFDX1BEQUMtUGlsb3RfV19KSFVfMjAxODA5MjhfTFVNT1NfZjE1LnJhdyIsIkNvbmRpdGlvbiI6eyJEYXRlTGVzc1RoYW4iOnsiQVdTOkVwb2NoVGltZSI6MTc2OTgxNjU2OH19fV19&Key-Pair-Id=APKAIXDMVIARW22I7ILQ&Signature=Qlou6QO0KqgJKJpnnPSoBRpZ97oZpbWJaj59qxnS07069WmKhyqC6qn7-wNxtfLa14NdlTFLEegdcSenSIxpJ9LOTDUReCs1P3lRz3-zDr4JwCI8tFZ~z1vD3rd-1ZsywiuMiU~GNEXk4v8YKcvp--kdMgEov-hGfvtL41tQZaT-IHjzM-EmlViXssM6grXaMu3KCI~FvSDUihhzbyVqDGGn-dSYZ6pmcRWtMDkqpWuEFFgxIGSS~tZc2lEu3mMYEjQtF0z17sqMeLt9t0CAgLlMaAuhbnCMqLxrzJ6lSGivXgBehH30RMF8e4wU~OSD2k6nfqtfh3f4Nq0gnytw8g__"
"47287947-0a7a-41d8-b6ca-ed8dd5bb7d4c","01CPTAC_PDAC-Pilot_W_JHU_20180920_LUMOS_f24.raw","01CPTAC_PDAC-Pilot_W_JHU_20180920","CPTAC JHU PDAC enrichment","Sampling techniques for enrichment of PDAC - Proteome","PDC000393","1","26da108f-b554-4c81-8397-0aded036fe93","CPTAC3 Discovery and Confirmatory","Raw Mass Spectra","Proprietary","Open","832837876","a0091435b03571c620847b6422228387","Yes","https://d3iwtkuvwz4jtf.cloudfront.net/raw-files/124/162/01CPTAC_PDAC-Pilot_W_JHU_20180920_LUMOS_f24.raw?Policy=eyJTdGF0ZW1lbnQiOlt7IlJlc291cmNlIjoiaHR0cHM6Ly9kM2l3dGt1dnd6NGp0Zi5jbG91ZGZyb250Lm5ldC9yYXctZmlsZXMvMTI0LzE2Mi8wMUNQVEFDX1BEQUMtUGlsb3RfV19KSFVfMjAxODA5MjBfTFVNT1NfZjI0LnJhdyIsIkNvbmRpdGlvbiI6eyJEYXRlTGVzc1RoYW4iOnsiQVdTOkVwb2NoVGltZSI6MTc2OTgxNjU2OH19fV19&Key-Pair-Id=APKAIXDMVIARW22I7ILQ&Signature=Qkm7aFWnpwQ-LFD4uLioReemQMbY7R4ZZjsu~ccMlr8KxMrEk-CvN8~WjXN9dPA9Gowsk1Pu4jXPWOwTt-iO2C2fryYID~ynJhQZcPjuZZRkOK200d5rE2WKOvSK6n73560OvKyY2uSfS~Bce9gfdWB~g6uti2cOLdZZ72U0q93oUho~xATDrs7hAGOoQ-JQz8pr6WKmTTkDjflGXMmCQcvifPGwxAk-FubysTu9mUUCRMQF4lRd7YHEZq96zjbutv3QZzMVGsnSlXwFdBVyjXSlr6aqKRLxhW36Oho9zd69MNSVj9u6Yhd896IfXz9lSdP161TnYXxoBzk8A670fw__"
"47cf8d99-f7f2-4857-bd0c-c60c92958bbc","03CPTAC_PDAC-Pilot_W_JHU_20180928_LUMOS_f16.raw","03CPTAC_PDAC-Pilot_W_JHU_20180928","CPTAC JHU PDAC enrichment","Sampling techniques for enrichment of PDAC - Proteome","PDC000393","1","26da108f-b554-4c81-8397-0aded036fe93","CPTAC3 Discovery and Confirmatory","Raw Mass Spectra","Proprietary","Open","780125916","7a528d71a6c4c017454eb71b418ef690","Yes","https://d3iwtkuvwz4jtf.cloudfront.net/raw-files/124/162/03CPTAC_PDAC-Pilot_W_JHU_20180928_LUMOS_f16.raw?Policy=eyJTdGF0ZW1lbnQiOlt7IlJlc291cmNlIjoiaHR0cHM6Ly9kM2l3dGt1dnd6NGp0Zi5jbG91ZGZyb250Lm5ldC9yYXctZmlsZXMvMTI0LzE2Mi8wM0NQVEFDX1BEQUMtUGlsb3RfV19KSFVfMjAxODA5MjhfTFVNT1NfZjE2LnJhdyIsIkNvbmRpdGlvbiI6eyJEYXRlTGVzc1RoYW4iOnsiQVdTOkVwb2NoVGltZSI6MTc2OTgxNjU2OH19fV19&Key-Pair-Id=APKAIXDMVIARW22I7ILQ&Signature=ELkil-SZz6p6PHj3GEljcQc9u~oAzUvmn1qyXgbR8FwbeRUAEOp57S8uLrUUQ0fXg~nDGrpEQCeg7rsxiKfcMjZg12DvaGBVqxXnDIX501ScXOEhnZ0IxGaJHy14FrcnbFeBrnsipFaUoA6aj3ZTkym8JTbRKpgjR2VMetdqgdj90ydt67lJBEmJASQD1pHGju-unDPL4oZq9VE0Zxv4AyuBV3dyDSUTUrBndSwshEOg61sXTGpA9AScdvOMyFCJlLAdf0dhCnAwPZ7GE4aiGIRLmcr-0ZMHJUGHT~MjgeOBSfaCMYVqmoe~AFoiPbTg4vEG1RZzFn9l8zCdWGMiFw__"
"4bbe7926-963e-4b5f-883b-8da46e2e7d37","02CPTAC_PDAC-Pilot_W_JHU_20180924_LUMOS_f23.raw","02CPTAC_PDAC-Pilot_W_JHU_20180924","CPTAC JHU PDAC enrichment","Sampling techniques for enrichment of PDAC - Proteome","PDC000393","1","26da108f-b554-4c81-8397-0aded036fe93","CPTAC3 Discovery and Confirmatory","Raw Mass Spectra","Proprietary","Open","738401922","feb2239d6eb31afa5563a1b69fe12fdf","Yes","https://d3iwtkuvwz4jtf.cloudfront.net/raw-files/124/162/02CPTAC_PDAC-Pilot_W_JHU_20180924_LUMOS_f23.raw?Policy=eyJTdGF0ZW1lbnQiOlt7IlJlc291cmNlIjoiaHR0cHM6Ly9kM2l3dGt1dnd6NGp0Zi5jbG91ZGZyb250Lm5ldC9yYXctZmlsZXMvMTI0LzE2Mi8wMkNQVEFDX1BEQUMtUGlsb3RfV19KSFVfMjAxODA5MjRfTFVNT1NfZjIzLnJhdyIsIkNvbmRpdGlvbiI6eyJEYXRlTGVzc1RoYW4iOnsiQVdTOkVwb2NoVGltZSI6MTc2OTgxNjU2OH19fV19&Key-Pair-Id=APKAIXDMVIARW22I7ILQ&Signature=VpVMC1mpg1Iff6KQA-KOTM87c77roYvank0f0S8E9Xeb1x8emxJU2S8qlkoAr6HVaJiieeHNjdxYSDsCRlMJqAsltxqPrkk~6NAoH2LDYKuYxEl2NYXLIO9XQrAq1EhPGXWygI2oF4D77SgnHU0SDAwTYbdSPlk~RKuFXIuIVLkkNnOBuntLWIlpbJZEqG~MlFvdtQLGaGPuoH~F4kvesLs6-PlzY9gHl6CxJhLdEkJtTATshJ6qi06Q7MXpdgZb3TaS4~9aL06~EahdqT4hMQ9axQZdHXnLW~LyinNtWFFDRGUgSCaK9YnhOTT4piFRnmezP4OjqMO7c33GlrRUsw__"
"4ded0f35-95bb-49ef-b7f7-45f006de7043","02CPTAC_PDAC-Pilot_W_JHU_20180924_LUMOS_f15.raw","02CPTAC_PDAC-Pilot_W_JHU_20180924","CPTAC JHU PDAC enrichment","Sampling techniques for enrichment of PDAC - Proteome","PDC000393","1","26da108f-b554-4c81-8397-0aded036fe93","CPTAC3 Discovery and Confirmatory","Raw Mass Spectra","Proprietary","Open","812876122","013cfc6acb8da8d40c96ec6ab8fba4f8","Yes","https://d3iwtkuvwz4jtf.cloudfront.net/raw-files/124/162/02CPTAC_PDAC-Pilot_W_JHU_20180924_LUMOS_f15.raw?Policy=eyJTdGF0ZW1lbnQiOlt7IlJlc291cmNlIjoiaHR0cHM6Ly9kM2l3dGt1dnd6NGp0Zi5jbG91ZGZyb250Lm5ldC9yYXctZmlsZXMvMTI0LzE2Mi8wMkNQVEFDX1BEQUMtUGlsb3RfV19KSFVfMjAxODA5MjRfTFVNT1NfZjE1LnJhdyIsIkNvbmRpdGlvbiI6eyJEYXRlTGVzc1RoYW4iOnsiQVdTOkVwb2NoVGltZSI6MTc2OTgxNjU2OH19fV19&Key-Pair-Id=APKAIXDMVIARW22I7ILQ&Signature=CE8NSOd-tfgnd0apJUQKeIntD3cUyd0s9oh~yZGLcbse8wqHmhG-0myOPs5RLUChNe-oVgPq5aZafQjgLNz9b2PWZMULq9PtzdD-TuH14BNkWA0GY20n-PvFHCIQk-RpBrwHGOqGZsk6LaTvzyCPTrmXB3qC7mgF6JT0Ub~BxlducIjEiUfvSBm~c9h7HCaOu04SnrG-hk1WS44XOQZ2d2-XH8N9rlUic8ynrFdVuguMqL7CGnkahcUvWRzHZRbVGySS3~OYJI-msl2~-7UvsUQEyrIXAH7fq2H-2gcZvNrv0yLzdqBFFqC3GoSaPCOz9ZthhjdVLKe35kNVaI8SAg__"
"509ebd21-1491-4a73-bf25-6bc007101d8b","02CPTAC_PDAC-Pilot_W_JHU_20180924_LUMOS_f21.raw","02CPTAC_PDAC-Pilot_W_JHU_20180924","CPTAC JHU PDAC enrichment","Sampling techniques for enrichment of PDAC - Proteome","PDC000393","1","26da108f-b554-4c81-8397-0aded036fe93","CPTAC3 Discovery and Confirmatory","Raw Mass Spectra","Proprietary","Open","791294380","a573c282e11ac7fd0daeaee385e5d576","Yes","https://d3iwtkuvwz4jtf.cloudfront.net/raw-files/124/162/02CPTAC_PDAC-Pilot_W_JHU_20180924_LUMOS_f21.raw?Policy=eyJTdGF0ZW1lbnQiOlt7IlJlc291cmNlIjoiaHR0cHM6Ly9kM2l3dGt1dnd6NGp0Zi5jbG91ZGZyb250Lm5ldC9yYXctZmlsZXMvMTI0LzE2Mi8wMkNQVEFDX1BEQUMtUGlsb3RfV19KSFVfMjAxODA5MjRfTFVNT1NfZjIxLnJhdyIsIkNvbmRpdGlvbiI6eyJEYXRlTGVzc1RoYW4iOnsiQVdTOkVwb2NoVGltZSI6MTc2OTgxNjU2OH19fV19&Key-Pair-Id=APKAIXDMVIARW22I7ILQ&Signature=DwduljFmRi0LZddEiiBb871rIKGR~UxB2RhlL4ivKQ7faHQ7-mbsew-5t0ZEdfVEk-uuEHkSdr2JMY00qek~iEzco9LtWJ8QbHWegImhA5FLE~Qwsc5GIZTPorEFRk3ICwT8xcHTm7CgQHgRpKt-3WpI95brXXojkPivdF1c29DH1srvRu-Yxmu1mPeLnSEaw4h9YRvff5q1Dk6Xya5TWHeJDF1Jl~54DreBphD35gCC9ZsEcZ7tSHFWTUU1tZxfu6vBuedk53UVj1hMyiBOVKhuYfdTJuWfSugH8C8RRMk5ScUKw4Xr76RZhchXW2usPxRwQHJK6r2YNN2Hkdx1DA__"
"529453f7-1d1b-4cb7-b40d-7b75fa391139","03CPTAC_PDAC-Pilot_W_JHU_20180928_LUMOS_f19.raw","03CPTAC_PDAC-Pilot_W_JHU_20180928","CPTAC JHU PDAC enrichment","Sampling techniques for enrichment of PDAC - Proteome","PDC000393","1","26da108f-b554-4c81-8397-0aded036fe93","CPTAC3 Discovery and Confirmatory","Raw Mass Spectra","Proprietary","Open","713195574","ec0279f089756c00024716f40e1f0736","Yes","https://d3iwtkuvwz4jtf.cloudfront.net/raw-files/124/162/03CPTAC_PDAC-Pilot_W_JHU_20180928_LUMOS_f19.raw?Policy=eyJTdGF0ZW1lbnQiOlt7IlJlc291cmNlIjoiaHR0cHM6Ly9kM2l3dGt1dnd6NGp0Zi5jbG91ZGZyb250Lm5ldC9yYXctZmlsZXMvMTI0LzE2Mi8wM0NQVEFDX1BEQUMtUGlsb3RfV19KSFVfMjAxODA5MjhfTFVNT1NfZjE5LnJhdyIsIkNvbmRpdGlvbiI6eyJEYXRlTGVzc1RoYW4iOnsiQVdTOkVwb2NoVGltZSI6MTc2OTgxNjU2OH19fV19&Key-Pair-Id=APKAIXDMVIARW22I7ILQ&Signature=fX0-YfLMiPZAoC4WHbKg4D8q7C1XTU1nj4Dp5xzYqwICiWkpobfXl1sSMoIssdsRW0e9mlGTvY8qB-4Yv2V3iNk-0TUn0OQ1gY-5TMadfsy~6iAR2rWiUvBj4PTjWCavBA0egZtkd2yOhDwSHzuztfgohe0z8KiXnmZR5LIrtXH3i7eZzd~ZRqk7hnjKYtWO-2Q2Cx6kqSijXlNNSUjCTryj6vKLUOpoAEUtOilTJ1b6XD6WNGTtHfNn7BZ44LDQNMNbYI0INWb9Oo-2MViLNSgoLDdUe-wUjV3hWwI8b9jWDoAH32d2y3uzJdXaJgilJFhQ0l5FEEWNr7fwC1OebQ__"
"552e6396-490d-4bf5-b722-94d180d4a9e7","02CPTAC_PDAC-Pilot_W_JHU_20180924_LUMOS_f03.raw","02CPTAC_PDAC-Pilot_W_JHU_20180924","CPTAC JHU PDAC enrichment","Sampling techniques for enrichment of PDAC - Proteome","PDC000393","1","26da108f-b554-4c81-8397-0aded036fe93","CPTAC3 Discovery and Confirmatory","Raw Mass Spectra","Proprietary","Open","876376946","d39d668d229652a5c56d6f2a9a437a00","Yes","https://d3iwtkuvwz4jtf.cloudfront.net/raw-files/124/162/02CPTAC_PDAC-Pilot_W_JHU_20180924_LUMOS_f03.raw?Policy=eyJTdGF0ZW1lbnQiOlt7IlJlc291cmNlIjoiaHR0cHM6Ly9kM2l3dGt1dnd6NGp0Zi5jbG91ZGZyb250Lm5ldC9yYXctZmlsZXMvMTI0LzE2Mi8wMkNQVEFDX1BEQUMtUGlsb3RfV19KSFVfMjAxODA5MjRfTFVNT1NfZjAzLnJhdyIsIkNvbmRpdGlvbiI6eyJEYXRlTGVzc1RoYW4iOnsiQVdTOkVwb2NoVGltZSI6MTc2OTgxNjU2OH19fV19&Key-Pair-Id=APKAIXDMVIARW22I7ILQ&Signature=IOqkE-e6hJu4RmUKQbk1Jj-vbD954dHxsqGfSgHxUY85p8-9Cxex-ni6CJ9wZf6jnXKqGn-grGqWNA-2C9XqWs5NmniJ1dNaIbS-TuVHjeFOLELu3N5O1FiU2TzuzJBXi6Ou7t6ZFNkZZCSxDTOKLPleGAR1XqNrrx2IAlGO~Ht99xVjtU3i3i7muWF8SJeh9Cd1S7yB5ICmNhwDNfBHpG5h9GDrMUdj-~~BcPOPm-7OZoKTFk-~U1JQ28QATbges9Q6mrwpB9ckEIXBUX9w~ybeEpvxGtUK69O-~GnO1sZi4xJ~ZTDF1xqXYf~RJnEUBB8UyuP2aCVJgor35q-Xcw__"
"568deb72-35c1-4e70-a1ae-ce12734bc91b","02CPTAC_PDAC-Pilot_W_JHU_20180924_LUMOS_f19.raw","02CPTAC_PDAC-Pilot_W_JHU_20180924","CPTAC JHU PDAC enrichment","Sampling techniques for enrichment of PDAC - Proteome","PDC000393","1","26da108f-b554-4c81-8397-0aded036fe93","CPTAC3 Discovery and Confirmatory","Raw Mass Spectra","Proprietary","Open","775562094","ebc82196a3181a52f093866728e35c9d","Yes","https://d3iwtkuvwz4jtf.cloudfront.net/raw-files/124/162/02CPTAC_PDAC-Pilot_W_JHU_20180924_LUMOS_f19.raw?Policy=eyJTdGF0ZW1lbnQiOlt7IlJlc291cmNlIjoiaHR0cHM6Ly9kM2l3dGt1dnd6NGp0Zi5jbG91ZGZyb250Lm5ldC9yYXctZmlsZXMvMTI0LzE2Mi8wMkNQVEFDX1BEQUMtUGlsb3RfV19KSFVfMjAxODA5MjRfTFVNT1NfZjE5LnJhdyIsIkNvbmRpdGlvbiI6eyJEYXRlTGVzc1RoYW4iOnsiQVdTOkVwb2NoVGltZSI6MTc2OTgxNjU2OH19fV19&Key-Pair-Id=APKAIXDMVIARW22I7ILQ&Signature=O3sEGkNto9W4N8qZAkMMBPvooUurShNg4gmfZ06FASXG72SrmlKrzMtkothTxOwiiZ6HHTrwQLc2OHC1G0cBD1IFZnJ0W7XxlYiN0rswZk7M-YIvsSc1vFXyfvdKgTAfxJJVeJK3wGqGpu~~Ta1GiBY70NW4Ggx-rPX6cU2prgRFIeqdhq~j1zp4KrFPiHPGFeRLNuFociRAyCDAJAl6YOJ2CroDTNuY3YWJBMj7pr0IKBOCm41XwJKsrOcoGw0MpxbhFBWDYGL-FANdsyM9RHAzqC5JkD9Mgg2C40TfzjyLXu1TM2yc~imNShPbUM61SVrCXZAExSoV0s5UFyBE4Q__"
"5a7a22b3-9dc9-4dc0-967a-9bc998c9f303","01CPTAC_PDAC-Pilot_W_JHU_20180920_LUMOS_f14.raw","01CPTAC_PDAC-Pilot_W_JHU_20180920","CPTAC JHU PDAC enrichment","Sampling techniques for enrichment of PDAC - Proteome","PDC000393","1","26da108f-b554-4c81-8397-0aded036fe93","CPTAC3 Discovery and Confirmatory","Raw Mass Spectra","Proprietary","Open","825823984","f627dcc387784778af8e6d18012556ae","Yes","https://d3iwtkuvwz4jtf.cloudfront.net/raw-files/124/162/01CPTAC_PDAC-Pilot_W_JHU_20180920_LUMOS_f14.raw?Policy=eyJTdGF0ZW1lbnQiOlt7IlJlc291cmNlIjoiaHR0cHM6Ly9kM2l3dGt1dnd6NGp0Zi5jbG91ZGZyb250Lm5ldC9yYXctZmlsZXMvMTI0LzE2Mi8wMUNQVEFDX1BEQUMtUGlsb3RfV19KSFVfMjAxODA5MjBfTFVNT1NfZjE0LnJhdyIsIkNvbmRpdGlvbiI6eyJEYXRlTGVzc1RoYW4iOnsiQVdTOkVwb2NoVGltZSI6MTc2OTgxNjU2OH19fV19&Key-Pair-Id=APKAIXDMVIARW22I7ILQ&Signature=VOb49s4TZ4LTuANC3n28zHyC7oMcMcrva4X15EJXcOsfN9of9a1rZMUbUGRFg~yrLZXwkJYh8Xg8HRO-jBRFBvB-orsqwKBut9KqAFp~bM8q483OS2K8BtXGMN1w71PBaOnIyMDy4coB64iiSm~ae7OPhfYCUtZaqQeDtauE3fmDEksb-fzlZSovgnRUe6fYCAhL4bAH3FnfTLJhNpYsCRlvtc1pmDIR8b1xb~P-4yzTHEgmUMErb59KULTNYGHKNkrlJRyG0N~6rkvVJh1GiQKJsyHfY3jnA47pBJn461YpCOhWwKM-ru9Q-XAn63acrkbmEm5R4rkPqxgIX0sm9Q__"
"5b1a553b-6c24-4d86-b02f-8301e04061fa","01CPTAC_PDAC-Pilot_W_JHU_20180920_LUMOS_f21.raw","01CPTAC_PDAC-Pilot_W_JHU_20180920","CPTAC JHU PDAC enrichment","Sampling techniques for enrichment of PDAC - Proteome","PDC000393","1","26da108f-b554-4c81-8397-0aded036fe93","CPTAC3 Discovery and Confirmatory","Raw Mass Spectra","Proprietary","Open","839253888","99d6243ef71afde69072e0bf4a7ae3a4","Yes","https://d3iwtkuvwz4jtf.cloudfront.net/raw-files/124/162/01CPTAC_PDAC-Pilot_W_JHU_20180920_LUMOS_f21.raw?Policy=eyJTdGF0ZW1lbnQiOlt7IlJlc291cmNlIjoiaHR0cHM6Ly9kM2l3dGt1dnd6NGp0Zi5jbG91ZGZyb250Lm5ldC9yYXctZmlsZXMvMTI0LzE2Mi8wMUNQVEFDX1BEQUMtUGlsb3RfV19KSFVfMjAxODA5MjBfTFVNT1NfZjIxLnJhdyIsIkNvbmRpdGlvbiI6eyJEYXRlTGVzc1RoYW4iOnsiQVdTOkVwb2NoVGltZSI6MTc2OTgxNjU2OH19fV19&Key-Pair-Id=APKAIXDMVIARW22I7ILQ&Signature=XLOnZp3r4zz2VdShZs8whzQ5V~ZyPF3Z9oFk7Y~5lkh-BnPBc-VW1~NDi~xz~F-x0e4LNdcqoIoAkERld6YCW4dbS2PGnhLrQGbIW4SBzFfcsaQDZLmmbDmyRu-pCwcRrQfgdjC0krgqEI8C-wE3-ueC-fIS~ejLKaxVp5HXyoJgMa-cpTdpAv2bHAlWTwYzCYju09MtXjPLxiep2HRTcopi8S7cQdle77GHZfhEAcce8bqoTlv38zQ763yKbpuyH-y4lrYeeHNqDuWm5KDzGPnn6C18N0CoJdHuTZy6QT-BrtvjLl11Xft223BjeVKUcq39x-pFg1aPSk2FFZ1jvg__"
"5c794b92-cd3d-4ac5-9c5a-171f6de398af","01CPTAC_PDAC-Pilot_W_JHU_20180920_LUMOS_f02.raw","01CPTAC_PDAC-Pilot_W_JHU_20180920","CPTAC JHU PDAC enrichment","Sampling techniques for enrichment of PDAC - Proteome","PDC000393","1","26da108f-b554-4c81-8397-0aded036fe93","CPTAC3 Discovery and Confirmatory","Raw Mass Spectra","Proprietary","Open","852434712","d675c6556dd4429345e6a38ddd081288","Yes","https://d3iwtkuvwz4jtf.cloudfront.net/raw-files/124/162/01CPTAC_PDAC-Pilot_W_JHU_20180920_LUMOS_f02.raw?Policy=eyJTdGF0ZW1lbnQiOlt7IlJlc291cmNlIjoiaHR0cHM6Ly9kM2l3dGt1dnd6NGp0Zi5jbG91ZGZyb250Lm5ldC9yYXctZmlsZXMvMTI0LzE2Mi8wMUNQVEFDX1BEQUMtUGlsb3RfV19KSFVfMjAxODA5MjBfTFVNT1NfZjAyLnJhdyIsIkNvbmRpdGlvbiI6eyJEYXRlTGVzc1RoYW4iOnsiQVdTOkVwb2NoVGltZSI6MTc2OTgxNjU2OH19fV19&Key-Pair-Id=APKAIXDMVIARW22I7ILQ&Signature=XePszy~r9rIuWQXqbl9FuTDeY14BKKZV~u7GtEPzfeYcn0pE451w-wPbUslRz0dLmLpNwvq-EgSENMB8YVY0wYcvbYvjQdFZYsEzAPIFxqqm4Cu8TklNtlvSJh15mSWHu-FT454qcFlhGb8IRrmvNrd6f3FB-GkB3hm-GjR0RZKHZf3ykbvqST2XaFgj-hQuImWSmYCrDOyRn34-5pMd0XIdRBbbrL9dFWwBpWLqKqF95t7X5HZnRbtSawqEwT4QrOw5zVDZT-RyniCfXrEI3s6WwgH6gKMoJ9tlSRiY9kpdJpqFWzjznwqEG6rWCtFeCeiBbG-uUFxwN0seuRVGXQ__"
"5f88b5df-4c81-404d-92fb-b7bf64262ba8","02CPTAC_PDAC-Pilot_W_JHU_20180924_LUMOS_f10.raw","02CPTAC_PDAC-Pilot_W_JHU_20180924","CPTAC JHU PDAC enrichment","Sampling techniques for enrichment of PDAC - Proteome","PDC000393","1","26da108f-b554-4c81-8397-0aded036fe93","CPTAC3 Discovery and Confirmatory","Raw Mass Spectra","Proprietary","Open","834991442","4729faf564368f965c4bff031cd4e0d8","Yes","https://d3iwtkuvwz4jtf.cloudfront.net/raw-files/124/162/02CPTAC_PDAC-Pilot_W_JHU_20180924_LUMOS_f10.raw?Policy=eyJTdGF0ZW1lbnQiOlt7IlJlc291cmNlIjoiaHR0cHM6Ly9kM2l3dGt1dnd6NGp0Zi5jbG91ZGZyb250Lm5ldC9yYXctZmlsZXMvMTI0LzE2Mi8wMkNQVEFDX1BEQUMtUGlsb3RfV19KSFVfMjAxODA5MjRfTFVNT1NfZjEwLnJhdyIsIkNvbmRpdGlvbiI6eyJEYXRlTGVzc1RoYW4iOnsiQVdTOkVwb2NoVGltZSI6MTc2OTgxNjU2OH19fV19&Key-Pair-Id=APKAIXDMVIARW22I7ILQ&Signature=hV95PwRTxH4N8etZAn0ssEdLgXdU0vvELpovsUaWLycCNvYSgxstm5wVxvuRoPTB3TQrnNXP~Bt6yMZtHkOeNHGpe9GpG7Tf~-5EA6fEQEwExHDtUt3oxAsWJqdICAAr325-gkHA5r1onu5s3Fl~cz7ecPDL9UMQVZ~CQvVtQhRubHtAuStWrw1mPB83rbVdDqVgpwxLGbF1guiUMCIABf~5aDAWL23wNe~U-2s1gFMOAPzwi0rIcvnv8AXGjQ8CZXKpVVZjOM2I3G0TysZlHXN3KRRgfrHtm35-NFFXWVGppSztVr4Y~kOsr1HJ40Yzs4jAoaVkoQVM1bCxovVdpA__"
"63dd90df-a2b7-445f-b09a-f58cbe7bd395","01CPTAC_PDAC-Pilot_W_JHU_20180920_LUMOS_f08.raw","01CPTAC_PDAC-Pilot_W_JHU_20180920","CPTAC JHU PDAC enrichment","Sampling techniques for enrichment of PDAC - Proteome","PDC000393","1","26da108f-b554-4c81-8397-0aded036fe93","CPTAC3 Discovery and Confirmatory","Raw Mass Spectra","Proprietary","Open","883278398","03a20e7e34e842334a04044425acdfb6","Yes","https://d3iwtkuvwz4jtf.cloudfront.net/raw-files/124/162/01CPTAC_PDAC-Pilot_W_JHU_20180920_LUMOS_f08.raw?Policy=eyJTdGF0ZW1lbnQiOlt7IlJlc291cmNlIjoiaHR0cHM6Ly9kM2l3dGt1dnd6NGp0Zi5jbG91ZGZyb250Lm5ldC9yYXctZmlsZXMvMTI0LzE2Mi8wMUNQVEFDX1BEQUMtUGlsb3RfV19KSFVfMjAxODA5MjBfTFVNT1NfZjA4LnJhdyIsIkNvbmRpdGlvbiI6eyJEYXRlTGVzc1RoYW4iOnsiQVdTOkVwb2NoVGltZSI6MTc2OTgxNjU2OH19fV19&Key-Pair-Id=APKAIXDMVIARW22I7ILQ&Signature=QIfEzHblRObPmoUYVemw-p3CM205qqzATFpxXhnzNKULkzHTIRXCSoq0r9GV1KBcjKPZFIG8TUo~raYr2od-Lv90c9RolFlGV69FeY3BpH5LrE5tqd2z15KvZJ5D74yO~56ZklzfJ8o9wJGx0H4cwppLeWhK~r5jR7cc~P2AGNu-uDbFjQBXqydqduZiXwcn1Jl2lcx9wT2QywSqd6jxy4zbac11BCl1rojqFabjVGGK5n2jub72ZIoaFQ6hNRd5p-ufMjmpI0LcSg4lu4jtGkvxR1W~~YUS5vlKbFDn0PTWSOm8Rs8nj2eZL7J-2pL3JqxfCNWMxD954Af4yhCAzg__"
"664d044e-fa97-43ad-81e8-3d1a9bbf00f4","02CPTAC_PDAC-Pilot_W_JHU_20180924_LUMOS_f09.raw","02CPTAC_PDAC-Pilot_W_JHU_20180924","CPTAC JHU PDAC enrichment","Sampling techniques for enrichment of PDAC - Proteome","PDC000393","1","26da108f-b554-4c81-8397-0aded036fe93","CPTAC3 Discovery and Confirmatory","Raw Mass Spectra","Proprietary","Open","831015036","16f0bfba93637e30dc9727012a22d888","Yes","https://d3iwtkuvwz4jtf.cloudfront.net/raw-files/124/162/02CPTAC_PDAC-Pilot_W_JHU_20180924_LUMOS_f09.raw?Policy=eyJTdGF0ZW1lbnQiOlt7IlJlc291cmNlIjoiaHR0cHM6Ly9kM2l3dGt1dnd6NGp0Zi5jbG91ZGZyb250Lm5ldC9yYXctZmlsZXMvMTI0LzE2Mi8wMkNQVEFDX1BEQUMtUGlsb3RfV19KSFVfMjAxODA5MjRfTFVNT1NfZjA5LnJhdyIsIkNvbmRpdGlvbiI6eyJEYXRlTGVzc1RoYW4iOnsiQVdTOkVwb2NoVGltZSI6MTc2OTgxNjU2OH19fV19&Key-Pair-Id=APKAIXDMVIARW22I7ILQ&Signature=QpwOgeNZBLNBYozrJRN7CycEoCb5zR7xgmQwPE91ZX1b~3lkwUbagJ93brtUvO7CT2KCGUw149UtPgzA0rEat2XJWaWW-0grHzlpO3Y9jgkqaDiQ9VV2b3AIYHzOd9kcSr12JJJV9idBwtYvjQEDuu5Zeei1PTLGmbQhXCeH2CjgJJ35EdVwex144XHKhnBqah6oAZiMIZ2lggRUrG0Z0PhKjtIRaBSg-w8QOAAvOoWvKDvkwpd4qwmUE8sLiH-BXJ1BIAHwiYxdOh15iYdjEihh3M7xzryhq~ur6S7WQFt8C0kjKwoiqDyrTMlU2ICQ5ZOOYo0HYxg-VjUHuNqgHw__"
"6912f97f-e2ae-4adb-8d50-e895ef83b3b8","01CPTAC_PDAC-Pilot_W_JHU_20180920_LUMOS_f01.raw","01CPTAC_PDAC-Pilot_W_JHU_20180920","CPTAC JHU PDAC enrichment","Sampling techniques for enrichment of PDAC - Proteome","PDC000393","1","26da108f-b554-4c81-8397-0aded036fe93","CPTAC3 Discovery and Confirmatory","Raw Mass Spectra","Proprietary","Open","819325996","796796c0304d95b413a423cb81835373","Yes","https://d3iwtkuvwz4jtf.cloudfront.net/raw-files/124/162/01CPTAC_PDAC-Pilot_W_JHU_20180920_LUMOS_f01.raw?Policy=eyJTdGF0ZW1lbnQiOlt7IlJlc291cmNlIjoiaHR0cHM6Ly9kM2l3dGt1dnd6NGp0Zi5jbG91ZGZyb250Lm5ldC9yYXctZmlsZXMvMTI0LzE2Mi8wMUNQVEFDX1BEQUMtUGlsb3RfV19KSFVfMjAxODA5MjBfTFVNT1NfZjAxLnJhdyIsIkNvbmRpdGlvbiI6eyJEYXRlTGVzc1RoYW4iOnsiQVdTOkVwb2NoVGltZSI6MTc2OTgxNjU2OH19fV19&Key-Pair-Id=APKAIXDMVIARW22I7ILQ&Signature=XeXqp3rwBByfqeZtHJBUV4SIuGD-68vto1oZ33Di4u7e3Zgp6gXOAzKo7tBeITOOEk1r3bf4GCilKoSAGAgTjU5QQAVcxJF~0LBW3ryQWO7oANkGATVnq4zc-rZjWJAj2EaWUHMHakK~TglGBhFDWrqviW7PgSKtMnZ8764dymcxUqSiYzW0tq7CTqLC3Ps3YsdLEUCEwR1bTeAqbDxKYykO-uLdDPObpyJkxsVB-jTkMlwWef9niwqDDE48gDApr5HfPpTmphVkHRYFT3xNBii-4a~HuVCmXa~boW7E64u952own1ZfUjuppjgPk2hGRcSZYdxPR9fRYxZd5HXvCw__"
"7068c747-90f4-40d1-917b-cf326c471ae9","01CPTAC_PDAC-Pilot_W_JHU_20180920_LUMOS_f17.raw","01CPTAC_PDAC-Pilot_W_JHU_20180920","CPTAC JHU PDAC enrichment","Sampling techniques for enrichment of PDAC - Proteome","PDC000393","1","26da108f-b554-4c81-8397-0aded036fe93","CPTAC3 Discovery and Confirmatory","Raw Mass Spectra","Proprietary","Open","887257288","e414b13ae42aa6a635d502b62b856356","Yes","https://d3iwtkuvwz4jtf.cloudfront.net/raw-files/124/162/01CPTAC_PDAC-Pilot_W_JHU_20180920_LUMOS_f17.raw?Policy=eyJTdGF0ZW1lbnQiOlt7IlJlc291cmNlIjoiaHR0cHM6Ly9kM2l3dGt1dnd6NGp0Zi5jbG91ZGZyb250Lm5ldC9yYXctZmlsZXMvMTI0LzE2Mi8wMUNQVEFDX1BEQUMtUGlsb3RfV19KSFVfMjAxODA5MjBfTFVNT1NfZjE3LnJhdyIsIkNvbmRpdGlvbiI6eyJEYXRlTGVzc1RoYW4iOnsiQVdTOkVwb2NoVGltZSI6MTc2OTgxNjU2OH19fV19&Key-Pair-Id=APKAIXDMVIARW22I7ILQ&Signature=Guq3AKUQytoxMFMuAEeo7cwbAXlKRdBJ1cGB2aGxtxXOw~Dozl7H042xjoL7FZ6IG12mwiRWPsImjUp-tg2PjSWYd1OnrFv8odhCET6z6qVzKvPOm3axFpLIGHgbSzx7ZRz6rmbz-8CDuqWoZqf8zbU-nRUe4DnH7c-oeZKfmwyukLaDEkgl-D1AIecaazzbf0kQjsoPAAkWADc1E3jrpdg4V0m8jd-X1YnaI-Etp5vZLSfaVXEY~CU90qijNixvfzh5yscaAjumf2SktBdwciAN6Pm9WMMyAKfUOT~nlVlrtVidK8l9Pjbd7nJB0Jz7OTTaZb6t5JZ-i7XShcTEWg__"
"7801eb90-9315-4106-a984-53e3b0f8c0a0","03CPTAC_PDAC-Pilot_W_JHU_20180928_LUMOS_f05.raw","03CPTAC_PDAC-Pilot_W_JHU_20180928","CPTAC JHU PDAC enrichment","Sampling techniques for enrichment of PDAC - Proteome","PDC000393","1","26da108f-b554-4c81-8397-0aded036fe93","CPTAC3 Discovery and Confirmatory","Raw Mass Spectra","Proprietary","Open","781623268","e5910cb26d6645824d43b20863369e1e","Yes","https://d3iwtkuvwz4jtf.cloudfront.net/raw-files/124/162/03CPTAC_PDAC-Pilot_W_JHU_20180928_LUMOS_f05.raw?Policy=eyJTdGF0ZW1lbnQiOlt7IlJlc291cmNlIjoiaHR0cHM6Ly9kM2l3dGt1dnd6NGp0Zi5jbG91ZGZyb250Lm5ldC9yYXctZmlsZXMvMTI0LzE2Mi8wM0NQVEFDX1BEQUMtUGlsb3RfV19KSFVfMjAxODA5MjhfTFVNT1NfZjA1LnJhdyIsIkNvbmRpdGlvbiI6eyJEYXRlTGVzc1RoYW4iOnsiQVdTOkVwb2NoVGltZSI6MTc2OTgxNjU2OH19fV19&Key-Pair-Id=APKAIXDMVIARW22I7ILQ&Signature=LGzJH-~YpID3LvPWAFG1g20-6scb1bHTniK29-emineyUXSqEZr0e2Q-eGVA1Qzf1z7F2WWCiwjkt1yJkz6G3FbkK-wyiUwS67SHuRa1eByFjEXA3JfkeK44IbA9tQjZXIpf4HuhJkvRHEfJGlTEqJXP7VceH0UHeom~irgHYUewJOx72KaQMWUkFc24IliNrjvrGZXEJr7rifmfkf2c2lL2lhCfw6W6Ac8RZJUOgcak4dz8w9x47n7YLAnemj4gOcAwTQ7CaBa8epw7nSlFK-zOfM~5DYeQnJkkjS8BxAMXKaM0zWa1AkoYMg2OCWPa0m2BWONgDsrg40xw8F9hWg__"
"7abf1dd3-e606-4d72-b41c-17705cf11bc7","01CPTAC_PDAC-Pilot_W_JHU_20180920_LUMOS_f22.raw","01CPTAC_PDAC-Pilot_W_JHU_20180920","CPTAC JHU PDAC enrichment","Sampling techniques for enrichment of PDAC - Proteome","PDC000393","1","26da108f-b554-4c81-8397-0aded036fe93","CPTAC3 Discovery and Confirmatory","Raw Mass Spectra","Proprietary","Open","845869684","3c514f1d107ed2126a16209b2ecf5d21","Yes","https://d3iwtkuvwz4jtf.cloudfront.net/raw-files/124/162/01CPTAC_PDAC-Pilot_W_JHU_20180920_LUMOS_f22.raw?Policy=eyJTdGF0ZW1lbnQiOlt7IlJlc291cmNlIjoiaHR0cHM6Ly9kM2l3dGt1dnd6NGp0Zi5jbG91ZGZyb250Lm5ldC9yYXctZmlsZXMvMTI0LzE2Mi8wMUNQVEFDX1BEQUMtUGlsb3RfV19KSFVfMjAxODA5MjBfTFVNT1NfZjIyLnJhdyIsIkNvbmRpdGlvbiI6eyJEYXRlTGVzc1RoYW4iOnsiQVdTOkVwb2NoVGltZSI6MTc2OTgxNjU2OH19fV19&Key-Pair-Id=APKAIXDMVIARW22I7ILQ&Signature=TwZVrIk1pSqnCsKb~J9xLsXRrTtHa9HhECkAouEJWd4R0v3YEcbxACLug8fP9CuqDUkRfgc~zQvkT0pl5Ux9vmeLIb3p~1QEQat8KybzHH2rpHODeIi0seN2VrnyyMeB02MDMq6vEOObZKpP8UKmg9U4qK0anAhmBRR7hK~PFYMAO88XQszeAvKiAX8Q2S8Gl6PSt7zdO0dPjZ~rGjYlWDw~IPhdb8bF58AOFpIUFUh78m2ULcMxoR~sEzEgYmiaMaXYTuCj66nYKDbjPIGB2CiXTqvpfmL7HW2mUbAAoygKWZQoWL4kj8jtp201Dq-Tab-~8jNvrxKNFbipbjNc5w__"
"816e6acb-340a-4a40-810a-022935341f5c","03CPTAC_PDAC-Pilot_W_JHU_20180928_LUMOS_f01.raw","03CPTAC_PDAC-Pilot_W_JHU_20180928","CPTAC JHU PDAC enrichment","Sampling techniques for enrichment of PDAC - Proteome","PDC000393","1","26da108f-b554-4c81-8397-0aded036fe93","CPTAC3 Discovery and Confirmatory","Raw Mass Spectra","Proprietary","Open","723702496","a9fa14ff3ea23bdb92da86d38d97f6d6","Yes","https://d3iwtkuvwz4jtf.cloudfront.net/raw-files/124/162/03CPTAC_PDAC-Pilot_W_JHU_20180928_LUMOS_f01.raw?Policy=eyJTdGF0ZW1lbnQiOlt7IlJlc291cmNlIjoiaHR0cHM6Ly9kM2l3dGt1dnd6NGp0Zi5jbG91ZGZyb250Lm5ldC9yYXctZmlsZXMvMTI0LzE2Mi8wM0NQVEFDX1BEQUMtUGlsb3RfV19KSFVfMjAxODA5MjhfTFVNT1NfZjAxLnJhdyIsIkNvbmRpdGlvbiI6eyJEYXRlTGVzc1RoYW4iOnsiQVdTOkVwb2NoVGltZSI6MTc2OTgxNjU2OH19fV19&Key-Pair-Id=APKAIXDMVIARW22I7ILQ&Signature=KA-MheLQUyfFMdNga8too9KVZ03auLy5qz60SBzvyndTo5mL~pgo-X4eD1ESlRxR3yQJ8sKad7QezEIEtc3sELKdWcnKj9kfcEjFDyaOll5sbloHveDbNK8lE6DF2vobOxA-b-wy9HBgWiKsQfyp64VqopWiQuR2ERXHMGcPtezOxOY0ID8WD-9EEzINlZUQF6bY9zXiANxOd-NBcigNXMxfhehabWIgQVHy056~Glooa7U67ssYv4~wFooFPEz6l6Qsj1dO-gcZlXreaYuqZKbv5zaIKWHF1U1k51JHFcobPX5h8TJTTVo4mJrafjJWxcebzUqGFssL9gXPfolbUw__"
"82493d96-3a21-4e1c-93b9-939f68fe3999","03CPTAC_PDAC-Pilot_W_JHU_20180928_LUMOS_f04.raw","03CPTAC_PDAC-Pilot_W_JHU_20180928","CPTAC JHU PDAC enrichment","Sampling techniques for enrichment of PDAC - Proteome","PDC000393","1","26da108f-b554-4c81-8397-0aded036fe93","CPTAC3 Discovery and Confirmatory","Raw Mass Spectra","Proprietary","Open","802160094","305324027a53e23174835e953af11f4e","Yes","https://d3iwtkuvwz4jtf.cloudfront.net/raw-files/124/162/03CPTAC_PDAC-Pilot_W_JHU_20180928_LUMOS_f04.raw?Policy=eyJTdGF0ZW1lbnQiOlt7IlJlc291cmNlIjoiaHR0cHM6Ly9kM2l3dGt1dnd6NGp0Zi5jbG91ZGZyb250Lm5ldC9yYXctZmlsZXMvMTI0LzE2Mi8wM0NQVEFDX1BEQUMtUGlsb3RfV19KSFVfMjAxODA5MjhfTFVNT1NfZjA0LnJhdyIsIkNvbmRpdGlvbiI6eyJEYXRlTGVzc1RoYW4iOnsiQVdTOkVwb2NoVGltZSI6MTc2OTgxNjU2OH19fV19&Key-Pair-Id=APKAIXDMVIARW22I7ILQ&Signature=Yq~SQc6eCRmT~9mc5pGYYyJX-w6OPX4chS1aHjF-kQfTxIBhlFG~ExBasZOfr~SPj3v8XLJcHY2UJQNNZ9AZ5ZdlRCDRSow8XiAdfSmhTB8gaA1PzWwKmxI4HoI3p2JMojICAV~popt054bbyVkS85rN~ALh6C0mKp-6HpgPKBpZVCSOO0xzUtNKzbl8EzBb594S~d4TEKnldHFpf4bpMgVNIg1qThWLdAuWvZic4kC8bClWyFvUY3BvAzG-4DBtP-giP1R70vTNxfrod7DGEcL5ZgN0kSGYvMorh1AUrtYkz-WCqL4njG8zWFa3GjglXrHepubexHfI9SkTFLeamA__"
"84d07461-e73e-46c3-841d-ebdc28ca0a65","03CPTAC_PDAC-Pilot_W_JHU_20180928_LUMOS_f14.raw","03CPTAC_PDAC-Pilot_W_JHU_20180928","CPTAC JHU PDAC enrichment","Sampling techniques for enrichment of PDAC - Proteome","PDC000393","1","26da108f-b554-4c81-8397-0aded036fe93","CPTAC3 Discovery and Confirmatory","Raw Mass Spectra","Proprietary","Open","741990396","771a79b52b65db08b9e10154a085f491","Yes","https://d3iwtkuvwz4jtf.cloudfront.net/raw-files/124/162/03CPTAC_PDAC-Pilot_W_JHU_20180928_LUMOS_f14.raw?Policy=eyJTdGF0ZW1lbnQiOlt7IlJlc291cmNlIjoiaHR0cHM6Ly9kM2l3dGt1dnd6NGp0Zi5jbG91ZGZyb250Lm5ldC9yYXctZmlsZXMvMTI0LzE2Mi8wM0NQVEFDX1BEQUMtUGlsb3RfV19KSFVfMjAxODA5MjhfTFVNT1NfZjE0LnJhdyIsIkNvbmRpdGlvbiI6eyJEYXRlTGVzc1RoYW4iOnsiQVdTOkVwb2NoVGltZSI6MTc2OTgxNjU2OH19fV19&Key-Pair-Id=APKAIXDMVIARW22I7ILQ&Signature=Ih~~vC7wPszsKpKXaB3QkxCCzHj~dg0nufyR7NtkeplfvWZsMrzoacz9yaVKSrBW0Ae7SdHoMdbDfX3K5bbE3AHgzopv~u9sjBG1rUU-Q6dIbwQhVA~D57HAaNm~MGNxD9N-ldQhBvgbRWkq-phsc3MQ6~Kw5lNHocIxKqxBfh0H33CLOZN81~GmMNDLIiGj8IIpBZiMX5nI6ywCJ~CMPynh3PBn8QE6ScAGdGdelvZRVirG3wxnMdZGQe8rHauNtxLzM6sbmBejk5hY3-~pzTO~n5JOE~zvPf8M7Er1uf-EAbmmm~NBeebdNEXoSle3O089GR410lyscCLhUZcjuA__"
"886fee39-8330-4263-b9cd-3248341a02f8","02CPTAC_PDAC-Pilot_W_JHU_20180924_LUMOS_f05.raw","02CPTAC_PDAC-Pilot_W_JHU_20180924","CPTAC JHU PDAC enrichment","Sampling techniques for enrichment of PDAC - Proteome","PDC000393","1","26da108f-b554-4c81-8397-0aded036fe93","CPTAC3 Discovery and Confirmatory","Raw Mass Spectra","Proprietary","Open","841909342","8a416d1de20f57c12c051e25a0af758c","Yes","https://d3iwtkuvwz4jtf.cloudfront.net/raw-files/124/162/02CPTAC_PDAC-Pilot_W_JHU_20180924_LUMOS_f05.raw?Policy=eyJTdGF0ZW1lbnQiOlt7IlJlc291cmNlIjoiaHR0cHM6Ly9kM2l3dGt1dnd6NGp0Zi5jbG91ZGZyb250Lm5ldC9yYXctZmlsZXMvMTI0LzE2Mi8wMkNQVEFDX1BEQUMtUGlsb3RfV19KSFVfMjAxODA5MjRfTFVNT1NfZjA1LnJhdyIsIkNvbmRpdGlvbiI6eyJEYXRlTGVzc1RoYW4iOnsiQVdTOkVwb2NoVGltZSI6MTc2OTgxNjU2OH19fV19&Key-Pair-Id=APKAIXDMVIARW22I7ILQ&Signature=ar3Uns335J43yIlTSt08MnzbIefaaUvD0tQJCy1z52td~KU44zUdXiDvJtN7kyNkzzSkzPxccTz0MkaD5IHOttKY1kig4pxt4uvMVbX0ii6j8ZEB7DJOp4d1wgpXUKCzp3mIcKRYW3BCq0BaiL84DX-nfAbHx~PDnRrHmwHhBG6mfm69pzmKwAnzzV-TUAjCbJC00HXiImwRUUF9K0OjZYhkFDdxsQeQqz-B0iSNgePDD3jLbPzAb-t8ePo4IRXGX4-BecMJl7Y4qv6LnUAVLicmf9oGtbu0QLy5FvCJMYyalzJd~7RIgvJ0WqAhSmaDl6oveVZlo3Qf3Wtq81DL9A__"
"8a5fde0d-d72a-41c2-9876-119739321c51","01CPTAC_PDAC-Pilot_W_JHU_20180920_LUMOS_f07.raw","01CPTAC_PDAC-Pilot_W_JHU_20180920","CPTAC JHU PDAC enrichment","Sampling techniques for enrichment of PDAC - Proteome","PDC000393","1","26da108f-b554-4c81-8397-0aded036fe93","CPTAC3 Discovery and Confirmatory","Raw Mass Spectra","Proprietary","Open","846163548","43672d366e7a0218012d4944c772ffe7","Yes","https://d3iwtkuvwz4jtf.cloudfront.net/raw-files/124/162/01CPTAC_PDAC-Pilot_W_JHU_20180920_LUMOS_f07.raw?Policy=eyJTdGF0ZW1lbnQiOlt7IlJlc291cmNlIjoiaHR0cHM6Ly9kM2l3dGt1dnd6NGp0Zi5jbG91ZGZyb250Lm5ldC9yYXctZmlsZXMvMTI0LzE2Mi8wMUNQVEFDX1BEQUMtUGlsb3RfV19KSFVfMjAxODA5MjBfTFVNT1NfZjA3LnJhdyIsIkNvbmRpdGlvbiI6eyJEYXRlTGVzc1RoYW4iOnsiQVdTOkVwb2NoVGltZSI6MTc2OTgxNjU2OH19fV19&Key-Pair-Id=APKAIXDMVIARW22I7ILQ&Signature=CVGdzKiP~ruQuPmw7qDn3JHSYEVa3JvGvwRgeweaPth36s4FJeJruXRsDpYbpCmqDnKHXCNFZDYYc063g7V4zpjTd3YUhbbw-wBO0Rqj6xs8iklLRf~lvZVcVMQ~susuympcZXT-NdbUMHnOFHQdrS2ACzYvxby3Gq8uKNRSjRQRXQXmyUnhzfw9eDFseeO0yExMN4LFTIIVX6WipOH~Gv8joW3VfAmcHDNkVfIiexM~zlxRkXs7mg66hPHjaNd8~rKKh9GIrQFMSW4wLfnO9R80C~EAHFhAgk5nxzFu1oWrK6mmZrDAUZVUq89qajG~ixuJhhsvzCq8Wpjd0RIo2Q__"
"927f6c8c-abd1-43de-bdea-ac4479e8f0be","01CPTAC_PDAC-Pilot_W_JHU_20180920_LUMOS_f10.raw","01CPTAC_PDAC-Pilot_W_JHU_20180920","CPTAC JHU PDAC enrichment","Sampling techniques for enrichment of PDAC - Proteome","PDC000393","1","26da108f-b554-4c81-8397-0aded036fe93","CPTAC3 Discovery and Confirmatory","Raw Mass Spectra","Proprietary","Open","849132468","77c0a74cbe90771bdda483c98770d968","Yes","https://d3iwtkuvwz4jtf.cloudfront.net/raw-files/124/162/01CPTAC_PDAC-Pilot_W_JHU_20180920_LUMOS_f10.raw?Policy=eyJTdGF0ZW1lbnQiOlt7IlJlc291cmNlIjoiaHR0cHM6Ly9kM2l3dGt1dnd6NGp0Zi5jbG91ZGZyb250Lm5ldC9yYXctZmlsZXMvMTI0LzE2Mi8wMUNQVEFDX1BEQUMtUGlsb3RfV19KSFVfMjAxODA5MjBfTFVNT1NfZjEwLnJhdyIsIkNvbmRpdGlvbiI6eyJEYXRlTGVzc1RoYW4iOnsiQVdTOkVwb2NoVGltZSI6MTc2OTgxNjU2OH19fV19&Key-Pair-Id=APKAIXDMVIARW22I7ILQ&Signature=QZ1J496VQrTJMEIGDwDgyLmvjvqNBTQfapkUCf7uqHY-1ycMcbEwHqusX2N3cpCICHAp~O2pxEQestOgeyhp~UESS7MKYsUowKkuToirh0xENoQvRUrj4jupotrDR-okheAXeDrderNds-A6Yb4STCGo83Yd2ogbaPf4dp~47xpRFQcCkpSRUW95BelwpD2pQKWNOHyyvmJkIiCxWceHsdZMw037Q4~pZY958A9rsY1Hqy120iKAkxRWNWMzrP~GpfQ6gXkdqrUJnngdH9aGzxaeLo7uVwIV1h-vN~-rSOhY2wZeP8mwllXCIIzdLFWgjmsU5dyRiqUxV5~6ajyRIw__"
"933cb752-5b7f-4966-a329-b566da600ba1","01CPTAC_PDAC-Pilot_W_JHU_20180920_LUMOS_f23.raw","01CPTAC_PDAC-Pilot_W_JHU_20180920","CPTAC JHU PDAC enrichment","Sampling techniques for enrichment of PDAC - Proteome","PDC000393","1","26da108f-b554-4c81-8397-0aded036fe93","CPTAC3 Discovery and Confirmatory","Raw Mass Spectra","Proprietary","Open","799654640","fd291fd167d4a2d52f5ec0715ee431bf","Yes","https://d3iwtkuvwz4jtf.cloudfront.net/raw-files/124/162/01CPTAC_PDAC-Pilot_W_JHU_20180920_LUMOS_f23.raw?Policy=eyJTdGF0ZW1lbnQiOlt7IlJlc291cmNlIjoiaHR0cHM6Ly9kM2l3dGt1dnd6NGp0Zi5jbG91ZGZyb250Lm5ldC9yYXctZmlsZXMvMTI0LzE2Mi8wMUNQVEFDX1BEQUMtUGlsb3RfV19KSFVfMjAxODA5MjBfTFVNT1NfZjIzLnJhdyIsIkNvbmRpdGlvbiI6eyJEYXRlTGVzc1RoYW4iOnsiQVdTOkVwb2NoVGltZSI6MTc2OTgxNjU2OH19fV19&Key-Pair-Id=APKAIXDMVIARW22I7ILQ&Signature=PHVdfWEh7sPbyCmoQY434MscaW6rMCXmq4QXskrbS3RcPKW8~vpr6yMtlM-3PBgLtvAwINQp15iIiWuj7np4tAproEbKeJfEoBAF8IBs70~YVslbBTviMq~d240X1OTR87zp8V~EvSoL2sLnzRPH~I9wRUlL7TchlRjl36Z6dW4jmegvKKLC~7qAnM2jn2NiTjKpfS-svATeDw85ayncVXZcKqhFcNf~P0-fV4n2bt19u5GtPSJch~tB0gK0yXVk-izHsxm-3A6ntzWO2m~phhkiMpQo7KnyLsERQGP1QhUxtsL3Vwcsun1MX8NjOWYy762vHc03TJp2~aesan~QAw__"
"94534239-f71a-4779-9716-ed0a8f17ff51","02CPTAC_PDAC-Pilot_W_JHU_20180924_LUMOS_f06.raw","02CPTAC_PDAC-Pilot_W_JHU_20180924","CPTAC JHU PDAC enrichment","Sampling techniques for enrichment of PDAC - Proteome","PDC000393","1","26da108f-b554-4c81-8397-0aded036fe93","CPTAC3 Discovery and Confirmatory","Raw Mass Spectra","Proprietary","Open","861557094","24c0770b88a1e66b0d520330954f2dcf","Yes","https://d3iwtkuvwz4jtf.cloudfront.net/raw-files/124/162/02CPTAC_PDAC-Pilot_W_JHU_20180924_LUMOS_f06.raw?Policy=eyJTdGF0ZW1lbnQiOlt7IlJlc291cmNlIjoiaHR0cHM6Ly9kM2l3dGt1dnd6NGp0Zi5jbG91ZGZyb250Lm5ldC9yYXctZmlsZXMvMTI0LzE2Mi8wMkNQVEFDX1BEQUMtUGlsb3RfV19KSFVfMjAxODA5MjRfTFVNT1NfZjA2LnJhdyIsIkNvbmRpdGlvbiI6eyJEYXRlTGVzc1RoYW4iOnsiQVdTOkVwb2NoVGltZSI6MTc2OTgxNjU2OH19fV19&Key-Pair-Id=APKAIXDMVIARW22I7ILQ&Signature=H~le-zNsdjOaI0wZTIMTpDZVgypUuUprPMcOd42n0lL~CZn6Pu4XQdbXr0gq~FEFy5r6IL-5S3LizFvkVX5fTk-yfag81sBhGqXNl3N5Qu9kJQjMiM007Xjf6hluWcC9pkK~E2X7jYxnqRpGdfDAQg-yZ9xi7GdMombopcExtKkfwDOk1YI36jBz4f1xc5gUg2oVbcPRgy9458RztIWphnaeCvxHmAenxYw~OYhhQ2sP-VakcTYMBPFto--PQGaemDnnM7BJxCcjh90ng9LzigrrCxRNRZQi1JIqHOWjHBULD5B4chgXP5b0C7X9xp4uBJCb5zt89YaLUWKZn15szg__"
"9e721823-2b58-424a-a54f-7b2c992a2da7","02CPTAC_PDAC-Pilot_W_JHU_20180924_LUMOS_f07.raw","02CPTAC_PDAC-Pilot_W_JHU_20180924","CPTAC JHU PDAC enrichment","Sampling techniques for enrichment of PDAC - Proteome","PDC000393","1","26da108f-b554-4c81-8397-0aded036fe93","CPTAC3 Discovery and Confirmatory","Raw Mass Spectra","Proprietary","Open","819253082","1b6f6b41000b43a31de466e0c531b601","Yes","https://d3iwtkuvwz4jtf.cloudfront.net/raw-files/124/162/02CPTAC_PDAC-Pilot_W_JHU_20180924_LUMOS_f07.raw?Policy=eyJTdGF0ZW1lbnQiOlt7IlJlc291cmNlIjoiaHR0cHM6Ly9kM2l3dGt1dnd6NGp0Zi5jbG91ZGZyb250Lm5ldC9yYXctZmlsZXMvMTI0LzE2Mi8wMkNQVEFDX1BEQUMtUGlsb3RfV19KSFVfMjAxODA5MjRfTFVNT1NfZjA3LnJhdyIsIkNvbmRpdGlvbiI6eyJEYXRlTGVzc1RoYW4iOnsiQVdTOkVwb2NoVGltZSI6MTc2OTgxNjU2OH19fV19&Key-Pair-Id=APKAIXDMVIARW22I7ILQ&Signature=G6cMnWmdGuIx1M7QmtJH-jfA8pHZyAecKWFDZx1CB3S~hgl~Jn5XvhO5bN73XnZKmtsh9a-M1WMwuC7lt2EPQYlFPBLjhdvNeZS5UG5xSCGSQrXltK2IV9k8Z3ZKNpGdlXrZF9Zkln9FjEI-hoZmr-Xuro6owNhrE7aHDoZtsT8REpFvfd9EnwzV8QpTnH-ghdrAN8659oa3eHCxcfW0Wpad~iud7aDe2rPZoYB-vw1jwZHau1Tr416fwbEzV4J68LKqCiG2butVDhRajJWQildPYexrJK81iWOwPuZQNOMlsx~kyDAUEE3ZeN6CvK1W4eXBDejO3PQEV999EkPvzg__"
"a1e57efb-63ec-45fe-8014-46aab5536fc7","01CPTAC_PDAC-Pilot_W_JHU_20180920_LUMOS_f16.raw","01CPTAC_PDAC-Pilot_W_JHU_20180920","CPTAC JHU PDAC enrichment","Sampling techniques for enrichment of PDAC - Proteome","PDC000393","1","26da108f-b554-4c81-8397-0aded036fe93","CPTAC3 Discovery and Confirmatory","Raw Mass Spectra","Proprietary","Open","899507084","065b73fd73be1fb5ab21ead12b2cfd4f","Yes","https://d3iwtkuvwz4jtf.cloudfront.net/raw-files/124/162/01CPTAC_PDAC-Pilot_W_JHU_20180920_LUMOS_f16.raw?Policy=eyJTdGF0ZW1lbnQiOlt7IlJlc291cmNlIjoiaHR0cHM6Ly9kM2l3dGt1dnd6NGp0Zi5jbG91ZGZyb250Lm5ldC9yYXctZmlsZXMvMTI0LzE2Mi8wMUNQVEFDX1BEQUMtUGlsb3RfV19KSFVfMjAxODA5MjBfTFVNT1NfZjE2LnJhdyIsIkNvbmRpdGlvbiI6eyJEYXRlTGVzc1RoYW4iOnsiQVdTOkVwb2NoVGltZSI6MTc2OTgxNjU2OH19fV19&Key-Pair-Id=APKAIXDMVIARW22I7ILQ&Signature=YELW8NbxmZxj9ksUK40yJCQfkCx550oy~uPIxfFTdIOvyDrYOgD4FS8bIj0i4sOTJbM09GaYXKcLmP2FcMIATSvye3IL3XoQDoAZRoODWp3XDTEw1UQrd8ucr9r9gYpUxvwbr2z9RLZlvXQlI-SCw3YTxUow4WobLBDve-g5MF0DmbN-X34Q1LsKvsyufoixfU~dFmCCIOIKga-A6I2SU5bA8fxpj~cedZpW~jdJBmE0y4-PqmD~nJALjnkDH9rDNUX~1cQnYV4S5U~V0Oj99FqLBbc9YOPV4V~E1iRbJTRErhTh3tSEGP-etNk9yEVZ5YNIfAfEe~3CRw1KJANHBw__"
"a515dd74-b2b7-4251-8e58-b77ed381dc08","02CPTAC_PDAC-Pilot_W_JHU_20180924_LUMOS_f11.raw","02CPTAC_PDAC-Pilot_W_JHU_20180924","CPTAC JHU PDAC enrichment","Sampling techniques for enrichment of PDAC - Proteome","PDC000393","1","26da108f-b554-4c81-8397-0aded036fe93","CPTAC3 Discovery and Confirmatory","Raw Mass Spectra","Proprietary","Open","824722626","d2b97aeb33c82ac0f9ed24bd48373618","Yes","https://d3iwtkuvwz4jtf.cloudfront.net/raw-files/124/162/02CPTAC_PDAC-Pilot_W_JHU_20180924_LUMOS_f11.raw?Policy=eyJTdGF0ZW1lbnQiOlt7IlJlc291cmNlIjoiaHR0cHM6Ly9kM2l3dGt1dnd6NGp0Zi5jbG91ZGZyb250Lm5ldC9yYXctZmlsZXMvMTI0LzE2Mi8wMkNQVEFDX1BEQUMtUGlsb3RfV19KSFVfMjAxODA5MjRfTFVNT1NfZjExLnJhdyIsIkNvbmRpdGlvbiI6eyJEYXRlTGVzc1RoYW4iOnsiQVdTOkVwb2NoVGltZSI6MTc2OTgxNjU2OH19fV19&Key-Pair-Id=APKAIXDMVIARW22I7ILQ&Signature=DjIHIEUVNT~4yamSXpsuLyyQUuAJew69h8-RBY8QFXnWayGWcw8DjmyWNzgFeH5Q8vN80X6YF5u1SBIZDannzFqNnZmIeDpR~TIgspK1RZrgjYINWfa9OIDaGUrROX0tKOL-Kh-8pnXAHZxbHcvjyxJSl9oqc2zqH-GNeEjAFwr8hfQOwQsfXRQbTXp~Q2BizdKrmVg5ItSbHdtHE8SUZMP~LIdzLpGKOUD11nxjdM7tyeNdudZLfT8K9GqPxlv1PkhL1GIF98OWfcWVb-q5DWf~jk1-oK6FNlLRc-wKOt-w9OKc5hqJ7-ME1Fc10XH3k0uqbgZTSs9yU6tQlH9~oA__"
"a7d6bd0d-d284-4591-8b07-3192f7dc6051","01CPTAC_PDAC-Pilot_W_JHU_20180920_LUMOS_f19.raw","01CPTAC_PDAC-Pilot_W_JHU_20180920","CPTAC JHU PDAC enrichment","Sampling techniques for enrichment of PDAC - Proteome","PDC000393","1","26da108f-b554-4c81-8397-0aded036fe93","CPTAC3 Discovery and Confirmatory","Raw Mass Spectra","Proprietary","Open","864983172","b965f8ea9dbb1dec624f00d1c6987a1a","Yes","https://d3iwtkuvwz4jtf.cloudfront.net/raw-files/124/162/01CPTAC_PDAC-Pilot_W_JHU_20180920_LUMOS_f19.raw?Policy=eyJTdGF0ZW1lbnQiOlt7IlJlc291cmNlIjoiaHR0cHM6Ly9kM2l3dGt1dnd6NGp0Zi5jbG91ZGZyb250Lm5ldC9yYXctZmlsZXMvMTI0LzE2Mi8wMUNQVEFDX1BEQUMtUGlsb3RfV19KSFVfMjAxODA5MjBfTFVNT1NfZjE5LnJhdyIsIkNvbmRpdGlvbiI6eyJEYXRlTGVzc1RoYW4iOnsiQVdTOkVwb2NoVGltZSI6MTc2OTgxNjU2OH19fV19&Key-Pair-Id=APKAIXDMVIARW22I7ILQ&Signature=NWmXvQNqnjkMXWfG5oR~FkPemJlncOLlNbAXcml4OqQfUdcfWddTTpAeelqzoZo2eNVfDpw5UyTlk0sj8wbjl8ohkKfHLOGbUlktMYy~0eACze81fHVC~bj7M8Y2v8feqyW5OF4n4SZnIxrbgv1OWfSwS53ShGOQhRypfJMfjNyxj3jpBb702TDCDgzvlXarOlf3u6Pyrk5RBEwQvT7QUNrSQ2yp1hNuhlRw8MxUTKEuhXdy5Crb4jr5PONgxKOdsNaGtcgXwKRjt8y6~8oPkfhA~neN6iOFQ~yrb-EX4UIt~Ngfy-r3rwf1tsEtP46~f8dKrFk8IT4zlOm3EpkgiQ__"
"ada5ed96-e3ce-46e5-84f3-abbf9c2a68fd","03CPTAC_PDAC-Pilot_W_JHU_20180928_LUMOS_f03.raw","03CPTAC_PDAC-Pilot_W_JHU_20180928","CPTAC JHU PDAC enrichment","Sampling techniques for enrichment of PDAC - Proteome","PDC000393","1","26da108f-b554-4c81-8397-0aded036fe93","CPTAC3 Discovery and Confirmatory","Raw Mass Spectra","Proprietary","Open","790382556","625120ea44a599f47a8893a7080a47f8","Yes","https://d3iwtkuvwz4jtf.cloudfront.net/raw-files/124/162/03CPTAC_PDAC-Pilot_W_JHU_20180928_LUMOS_f03.raw?Policy=eyJTdGF0ZW1lbnQiOlt7IlJlc291cmNlIjoiaHR0cHM6Ly9kM2l3dGt1dnd6NGp0Zi5jbG91ZGZyb250Lm5ldC9yYXctZmlsZXMvMTI0LzE2Mi8wM0NQVEFDX1BEQUMtUGlsb3RfV19KSFVfMjAxODA5MjhfTFVNT1NfZjAzLnJhdyIsIkNvbmRpdGlvbiI6eyJEYXRlTGVzc1RoYW4iOnsiQVdTOkVwb2NoVGltZSI6MTc2OTgxNjU2OH19fV19&Key-Pair-Id=APKAIXDMVIARW22I7ILQ&Signature=EkxzTOZJ-Pd6Uk21b-m-E~ta9lfti8ambuRvPpo5DSUOPY-gReNNfSCfliaiKJsUclDBtNn1Kap0PFb9W0RXN7t-tbEv-W~5q5Eoy0BvEyh21KlZPQ7Da2h3Qu6uzNYviqydvDVVvxdah6-MC41n3GQoehW1K-vcF2kMXc~X1sR~PsqI7hWxc5r-3v8zJumhG3OtELYW7dYJccwYYI06ZJ-iBHquF9Rmt91L34tyw7L8ykqe1GY6sukylruUDD3FLpc1gyiisjZnrLjpGSVg9~kdtF2bxsVtXRwLdHRhv-5-axVVS01CD6CVbC1~OHRmzGTFhcBQo9giy3wgiLRzNg__"
"aebb3533-9858-4230-9747-9916e76d9fa8","01CPTAC_PDAC-Pilot_W_JHU_20180920_LUMOS_fA.raw","01CPTAC_PDAC-Pilot_W_JHU_20180920","CPTAC JHU PDAC enrichment","Sampling techniques for enrichment of PDAC - Proteome","PDC000393","1","26da108f-b554-4c81-8397-0aded036fe93","CPTAC3 Discovery and Confirmatory","Raw Mass Spectra","Proprietary","Open","695476178","5c1d644e6655c42def2fcd97a1b74641","Yes","https://d3iwtkuvwz4jtf.cloudfront.net/raw-files/124/162/01CPTAC_PDAC-Pilot_W_JHU_20180920_LUMOS_fA.raw?Policy=eyJTdGF0ZW1lbnQiOlt7IlJlc291cmNlIjoiaHR0cHM6Ly9kM2l3dGt1dnd6NGp0Zi5jbG91ZGZyb250Lm5ldC9yYXctZmlsZXMvMTI0LzE2Mi8wMUNQVEFDX1BEQUMtUGlsb3RfV19KSFVfMjAxODA5MjBfTFVNT1NfZkEucmF3IiwiQ29uZGl0aW9uIjp7IkRhdGVMZXNzVGhhbiI6eyJBV1M6RXBvY2hUaW1lIjoxNzY5ODE2NTY4fX19XX0_&Key-Pair-Id=APKAIXDMVIARW22I7ILQ&Signature=g6APxZ4lEVV88eInNj~DkymD30FAYjfWfdACyVdMEMWKiJG11FdCxCmkK9TifwDv1FXjT9skNpiRvBy5Ub-8y1NghgVhFgqdoIyh9QZ2zdbNbpd-VtZWg0hZxanOFDagvyhPX5nU~7sB26pZ6iqQcraiBCVCForYDly~3AKVjehGxcNW59-dbBgOswLDPcMuwZV1eQXAKCu1ClTYwMHcw3X9OvKYfgRcMuobwpNSQx9TOMa6D8t0Oo7LywPuaXqCexgWTfLMCXUGQgyDZIZOadgkVvI7HtnnE5B7NWfwVXYvDs8maUNCbGfeXGlMGGQeQWyuNURLqLcIV7AOSezgKw__"
"af81f0c7-2e22-4dad-8fec-8871e8b2cb01","02CPTAC_PDAC-Pilot_W_JHU_20180924_LUMOS_f13.raw","02CPTAC_PDAC-Pilot_W_JHU_20180924","CPTAC JHU PDAC enrichment","Sampling techniques for enrichment of PDAC - Proteome","PDC000393","1","26da108f-b554-4c81-8397-0aded036fe93","CPTAC3 Discovery and Confirmatory","Raw Mass Spectra","Proprietary","Open","834118410","4dbe2a70f9b41bd7f0cec9603f16f88a","Yes","https://d3iwtkuvwz4jtf.cloudfront.net/raw-files/124/162/02CPTAC_PDAC-Pilot_W_JHU_20180924_LUMOS_f13.raw?Policy=eyJTdGF0ZW1lbnQiOlt7IlJlc291cmNlIjoiaHR0cHM6Ly9kM2l3dGt1dnd6NGp0Zi5jbG91ZGZyb250Lm5ldC9yYXctZmlsZXMvMTI0LzE2Mi8wMkNQVEFDX1BEQUMtUGlsb3RfV19KSFVfMjAxODA5MjRfTFVNT1NfZjEzLnJhdyIsIkNvbmRpdGlvbiI6eyJEYXRlTGVzc1RoYW4iOnsiQVdTOkVwb2NoVGltZSI6MTc2OTgxNjU2OH19fV19&Key-Pair-Id=APKAIXDMVIARW22I7ILQ&Signature=BPSwrYVbUGuI-5VI8NAFxcfR3Icr7Yb64jGEgSHroHokVfX1SRfpKNdXUHzBSrkca-pIPFFNGgEuDhf85cUy65M1jqbYLGo52ba75fuXAvc4-iAJUZa6mESrxzQIsuGoeqEFoaWsDR-FTqkbGonW25zCNSErp7RMu~pSDAFyEeepZBJqZbVk4imuWU~gT5Hql6x4b398L--BeJEZkEUlYu8M7SmaMW4NS17KQt-M8POT9fD5-Fto1hz5d6XuEFdQMwUNiA9Q0u4wbTbYkcvrw~EFkR0baJYDKQpPN~B~5CB7n4CWqUA1cxTWyNywuzhKj-0G4ytIivgFrvC-CfY5ow__"
"afe5646d-a4ec-4cc7-a4e3-169144a7131a","02CPTAC_PDAC-Pilot_W_JHU_20180924_LUMOS_fA.raw","02CPTAC_PDAC-Pilot_W_JHU_20180924","CPTAC JHU PDAC enrichment","Sampling techniques for enrichment of PDAC - Proteome","PDC000393","1","26da108f-b554-4c81-8397-0aded036fe93","CPTAC3 Discovery and Confirmatory","Raw Mass Spectra","Proprietary","Open","686105284","0ad963a9107eff5bf4e546384a4a46ac","Yes","https://d3iwtkuvwz4jtf.cloudfront.net/raw-files/124/162/02CPTAC_PDAC-Pilot_W_JHU_20180924_LUMOS_fA.raw?Policy=eyJTdGF0ZW1lbnQiOlt7IlJlc291cmNlIjoiaHR0cHM6Ly9kM2l3dGt1dnd6NGp0Zi5jbG91ZGZyb250Lm5ldC9yYXctZmlsZXMvMTI0LzE2Mi8wMkNQVEFDX1BEQUMtUGlsb3RfV19KSFVfMjAxODA5MjRfTFVNT1NfZkEucmF3IiwiQ29uZGl0aW9uIjp7IkRhdGVMZXNzVGhhbiI6eyJBV1M6RXBvY2hUaW1lIjoxNzY5ODE2NTY4fX19XX0_&Key-Pair-Id=APKAIXDMVIARW22I7ILQ&Signature=INSeHBnsRWiYOP41zjHQmNYVO2QKZksKiMpEZy0myNIYcuLz8QaerDKdW3JDlxdTzyDy6~m9JHFius~PUq3XYTeFBdCnKEQ4gFGoW4Noj0jmEVWARPcY0NL5hJblzFT1FUs~z2TmaJA3lILQm4YKN8krpXE5Xpn85MDoCT08yEuDQX2PAJdq5i9d2LVZ4TLpUJWz3t2x~QiWRG6wxU7BMGpkRdZ0Hh~LEzjM0hL00LhnBlFolTcXs6H2hJya9DMpm~7ZhDEffgixvSV~Bh3zEI5XCkcoONZbsl0KloHm-Ozdf7nm~6eFHMpQp7bap-rKQAE~TGNldXkAt-cl8CArXA__"
"c3ff0354-c9d2-48a8-be15-888526b01321","03CPTAC_PDAC-Pilot_W_JHU_20180928_LUMOS_f24.raw","03CPTAC_PDAC-Pilot_W_JHU_20180928","CPTAC JHU PDAC enrichment","Sampling techniques for enrichment of PDAC - Proteome","PDC000393","1","26da108f-b554-4c81-8397-0aded036fe93","CPTAC3 Discovery and Confirmatory","Raw Mass Spectra","Proprietary","Open","708954760","50bebf85dae270e32c431ab6928c7f06","Yes","https://d3iwtkuvwz4jtf.cloudfront.net/raw-files/124/162/03CPTAC_PDAC-Pilot_W_JHU_20180928_LUMOS_f24.raw?Policy=eyJTdGF0ZW1lbnQiOlt7IlJlc291cmNlIjoiaHR0cHM6Ly9kM2l3dGt1dnd6NGp0Zi5jbG91ZGZyb250Lm5ldC9yYXctZmlsZXMvMTI0LzE2Mi8wM0NQVEFDX1BEQUMtUGlsb3RfV19KSFVfMjAxODA5MjhfTFVNT1NfZjI0LnJhdyIsIkNvbmRpdGlvbiI6eyJEYXRlTGVzc1RoYW4iOnsiQVdTOkVwb2NoVGltZSI6MTc2OTgxNjU2OH19fV19&Key-Pair-Id=APKAIXDMVIARW22I7ILQ&Signature=S9nnQlrY11N~tTIwO58FADdjBB6g5rYZ0deVcs2OES9PYLRHlmLl4wMKfPvclLFObhaG-pKPjaov0WYHvG0n2EkXI581JG0542biax05vqqKVSUces0FM1eVQCAmh9lttf3nH-j35C~zGD-ukB0pACHuqT9QBOtg5NXuH4Z6jhM6EdTyghMS3DmWAj8zMx-QuMjydnOfq6QdboctWGF4YJZLS6K2r2sbABdsSKnDCv3QWUV8z~xi15J34tH7mR0-Xaq-pvTyw~pWumQmHpbNiIjN-jwL4H5uWKN~XW827qqaFfHUlVWL9qW7K0aeWvKbsYtN2ODhFTtnl-50bI4pIg__"
"cf4ad839-eeff-43c9-8c9e-09b2e9ae6d12","03CPTAC_PDAC-Pilot_W_JHU_20180928_LUMOS_f17.raw","03CPTAC_PDAC-Pilot_W_JHU_20180928","CPTAC JHU PDAC enrichment","Sampling techniques for enrichment of PDAC - Proteome","PDC000393","1","26da108f-b554-4c81-8397-0aded036fe93","CPTAC3 Discovery and Confirmatory","Raw Mass Spectra","Proprietary","Open","744043368","9b603ece7cb1d952e561875f6e9c90a2","Yes","https://d3iwtkuvwz4jtf.cloudfront.net/raw-files/124/162/03CPTAC_PDAC-Pilot_W_JHU_20180928_LUMOS_f17.raw?Policy=eyJTdGF0ZW1lbnQiOlt7IlJlc291cmNlIjoiaHR0cHM6Ly9kM2l3dGt1dnd6NGp0Zi5jbG91ZGZyb250Lm5ldC9yYXctZmlsZXMvMTI0LzE2Mi8wM0NQVEFDX1BEQUMtUGlsb3RfV19KSFVfMjAxODA5MjhfTFVNT1NfZjE3LnJhdyIsIkNvbmRpdGlvbiI6eyJEYXRlTGVzc1RoYW4iOnsiQVdTOkVwb2NoVGltZSI6MTc2OTgxNjU2OH19fV19&Key-Pair-Id=APKAIXDMVIARW22I7ILQ&Signature=IIUkQ~LiKPccn5~UiJQPV3zCnsOpBBCvoxlK0jwaC7mcxDeoTj3RbLRByyrNZkcj1qx4xpn78gNyob2wDYWswj~4P5oW0nH13dqfTW1Pc8If2YypbL-M3Jv5ep1Qsogqoe-dkBiTHB2NGDNfl86a6qYW5ITYlYWo872T8hu9bU8QxxMoTdOoX6sFLFsOHFsG4fDU~r42BKhiDv5qypGqHJEDqaKHAJuxPTA2yHiUV0cjtOfTTxnVz04alzvfyHivS6F-Cg4cANE7t031W9xslHsG0nJymRm0bvERVopj5HRCNQjyuBdZCRIbwhTGLVlH0TB7wELdqCclCpI5Imz0JA__"
"d2b0419f-e17e-4feb-bed4-85a9c34a484e","03CPTAC_PDAC-Pilot_W_JHU_20180928_LUMOS_f11.raw","03CPTAC_PDAC-Pilot_W_JHU_20180928","CPTAC JHU PDAC enrichment","Sampling techniques for enrichment of PDAC - Proteome","PDC000393","1","26da108f-b554-4c81-8397-0aded036fe93","CPTAC3 Discovery and Confirmatory","Raw Mass Spectra","Proprietary","Open","796594550","ab8c4173423cc38674227a5b8b49ed45","Yes","https://d3iwtkuvwz4jtf.cloudfront.net/raw-files/124/162/03CPTAC_PDAC-Pilot_W_JHU_20180928_LUMOS_f11.raw?Policy=eyJTdGF0ZW1lbnQiOlt7IlJlc291cmNlIjoiaHR0cHM6Ly9kM2l3dGt1dnd6NGp0Zi5jbG91ZGZyb250Lm5ldC9yYXctZmlsZXMvMTI0LzE2Mi8wM0NQVEFDX1BEQUMtUGlsb3RfV19KSFVfMjAxODA5MjhfTFVNT1NfZjExLnJhdyIsIkNvbmRpdGlvbiI6eyJEYXRlTGVzc1RoYW4iOnsiQVdTOkVwb2NoVGltZSI6MTc2OTgxNjU2OH19fV19&Key-Pair-Id=APKAIXDMVIARW22I7ILQ&Signature=V6acDAFhyTeExTl7M~1SZnpcZp-5nGqb6Xf0CEiaOUeJRy4670jibE9zcCELCWy1La6UZLwdttnJ35lNYWGMsWlIJYpMqDjToZptTo7c0qoT6IfUhSuctCipZsLkR9GHZd7a0j-HF6G1UFZgOsscIr-CRogvVCj5ypCywmWeRwshU3TL7BrSZMoBsdDDqA8RDnNs5VotcXnz35A3DrIk8RtKPR0FwlvwZsBMvHspSq-H0SInJlhzErmE~hAorE6JbEe6DylYYi0ucbFgc2U1Rs5XImATvLVkLIMbLBeoOaJu-5~wwVC2-q8svXbFeZmxJiNStJhrG9lgirm8l154bg__"
"d3987fb7-9f06-4966-a5fe-fd4f4420f754","03CPTAC_PDAC-Pilot_W_JHU_20180928_LUMOS_f07.raw","03CPTAC_PDAC-Pilot_W_JHU_20180928","CPTAC JHU PDAC enrichment","Sampling techniques for enrichment of PDAC - Proteome","PDC000393","1","26da108f-b554-4c81-8397-0aded036fe93","CPTAC3 Discovery and Confirmatory","Raw Mass Spectra","Proprietary","Open","776764580","19d26ca2441106d8ec5684803088ffaf","Yes","https://d3iwtkuvwz4jtf.cloudfront.net/raw-files/124/162/03CPTAC_PDAC-Pilot_W_JHU_20180928_LUMOS_f07.raw?Policy=eyJTdGF0ZW1lbnQiOlt7IlJlc291cmNlIjoiaHR0cHM6Ly9kM2l3dGt1dnd6NGp0Zi5jbG91ZGZyb250Lm5ldC9yYXctZmlsZXMvMTI0LzE2Mi8wM0NQVEFDX1BEQUMtUGlsb3RfV19KSFVfMjAxODA5MjhfTFVNT1NfZjA3LnJhdyIsIkNvbmRpdGlvbiI6eyJEYXRlTGVzc1RoYW4iOnsiQVdTOkVwb2NoVGltZSI6MTc2OTgxNjU2OH19fV19&Key-Pair-Id=APKAIXDMVIARW22I7ILQ&Signature=Kmx~MixPfzlgayO1-9IerJELjsyjBxQUhDadPd5NNfvhur4mh0UtABvM1RDLZvy-WnhJ2zrN2Ee5tWYLcZTUZbj~fLScD9RrrCmhNHqoCaD4SCgBJhuh0WLEiWLmVx99KTPdrmDIqLOSBA~OOjj9JpmatrMLH~By5tAg7v9wd5EraCox~i0t51mkWysMAq4tKXuI8tu2nWeSXgW-tN2Oz6LCd-BdcWF8puLHKZBwICuWTaZ9ievj8oz8NSQkJEyyciUwGIPHgbGYDcMbI7MWycejAfONsxoHjelLFbJOHZeYYyoJw9qm5BlfapsjyfI8ov8GViFXE1Vpbr5OIj1SNg__"
"db4addc2-7927-43d0-9143-fb638867eaae","02CPTAC_PDAC-Pilot_W_JHU_20180924_LUMOS_f16.raw","02CPTAC_PDAC-Pilot_W_JHU_20180924","CPTAC JHU PDAC enrichment","Sampling techniques for enrichment of PDAC - Proteome","PDC000393","1","26da108f-b554-4c81-8397-0aded036fe93","CPTAC3 Discovery and Confirmatory","Raw Mass Spectra","Proprietary","Open","812683772","d6c95f1df170d670884dac2ef7c6c2aa","Yes","https://d3iwtkuvwz4jtf.cloudfront.net/raw-files/124/162/02CPTAC_PDAC-Pilot_W_JHU_20180924_LUMOS_f16.raw?Policy=eyJTdGF0ZW1lbnQiOlt7IlJlc291cmNlIjoiaHR0cHM6Ly9kM2l3dGt1dnd6NGp0Zi5jbG91ZGZyb250Lm5ldC9yYXctZmlsZXMvMTI0LzE2Mi8wMkNQVEFDX1BEQUMtUGlsb3RfV19KSFVfMjAxODA5MjRfTFVNT1NfZjE2LnJhdyIsIkNvbmRpdGlvbiI6eyJEYXRlTGVzc1RoYW4iOnsiQVdTOkVwb2NoVGltZSI6MTc2OTgxNjU2OH19fV19&Key-Pair-Id=APKAIXDMVIARW22I7ILQ&Signature=SgxxOriIeg-PxnnH439mosy~qK2tPIotP28W37e10jPlfUZ0XzozgbtV8v8I8QxrTXv4cyJ6nRHOOgUzIB1Dszt3mW~lEkVj2PQeuasndXlU~SancLUaZpnGL8JIbzsH-9sGKDvP0xaoL0afTmL2GZ3qtHzYlHO81QgsWJ6Uw1ijFlhlNXHJbHEuwB~K3hLhVc4Hfk-qpcxSJBDAvhFJ9kx-hlRSdLj4Dcbeb0rSZovbSXDMLRsEklDLucFanxzGKhllQOeSkvC2OScS70oxrcHf3nFqb0qLFEyz29WVW~Rqet6vYhH53Fn1YYb8CaukQTA5uarb733IbXyPsEWrrQ__"
"dd2c13f0-8b2e-4968-84e4-81363bb59ed9","03CPTAC_PDAC-Pilot_W_JHU_20180928_LUMOS_f21.raw","03CPTAC_PDAC-Pilot_W_JHU_20180928","CPTAC JHU PDAC enrichment","Sampling techniques for enrichment of PDAC - Proteome","PDC000393","1","26da108f-b554-4c81-8397-0aded036fe93","CPTAC3 Discovery and Confirmatory","Raw Mass Spectra","Proprietary","Open","737636214","b857e48ef022cc6c08bb1297c89acbc4","Yes","https://d3iwtkuvwz4jtf.cloudfront.net/raw-files/124/162/03CPTAC_PDAC-Pilot_W_JHU_20180928_LUMOS_f21.raw?Policy=eyJTdGF0ZW1lbnQiOlt7IlJlc291cmNlIjoiaHR0cHM6Ly9kM2l3dGt1dnd6NGp0Zi5jbG91ZGZyb250Lm5ldC9yYXctZmlsZXMvMTI0LzE2Mi8wM0NQVEFDX1BEQUMtUGlsb3RfV19KSFVfMjAxODA5MjhfTFVNT1NfZjIxLnJhdyIsIkNvbmRpdGlvbiI6eyJEYXRlTGVzc1RoYW4iOnsiQVdTOkVwb2NoVGltZSI6MTc2OTgxNjU2OH19fV19&Key-Pair-Id=APKAIXDMVIARW22I7ILQ&Signature=JjWbJopccqTVSoNatV9g42jUI13iFKtoaTWFVLNdf55znnvU7o2mRM0lEcBCLwPgwtq7cj4unD6BGifMSatDCx7Cu06aMBz2EkWyxD31FO78gqNbmfM3eRKQe-6IceWHAbDHc~aI6OXco0FjqlFbtXyMHZOLCX9bPTLZcqbFRtkddUInQva3SxDXTBt9Qyxj63WJFZpR8Y4Kgd5HJGYkOuhFng51DmfiY4wha5o29n0qTJ-WM5yX0eXVTK49XBHF9FGefUqfPKWz5icAhSg7B1LRfDFi2wzJqFtSPnSj-GWBFfYGSj9w9cf~NE~R1VWGjsQThcchkfn-A3hoDyrVmw__"
"e1879757-10e7-44f6-b386-81c2be673ef1","03CPTAC_PDAC-Pilot_W_JHU_20180928_LUMOS_f13.raw","03CPTAC_PDAC-Pilot_W_JHU_20180928","CPTAC JHU PDAC enrichment","Sampling techniques for enrichment of PDAC - Proteome","PDC000393","1","26da108f-b554-4c81-8397-0aded036fe93","CPTAC3 Discovery and Confirmatory","Raw Mass Spectra","Proprietary","Open","731713590","6addb8efc7fee05ca8db740b02966814","Yes","https://d3iwtkuvwz4jtf.cloudfront.net/raw-files/124/162/03CPTAC_PDAC-Pilot_W_JHU_20180928_LUMOS_f13.raw?Policy=eyJTdGF0ZW1lbnQiOlt7IlJlc291cmNlIjoiaHR0cHM6Ly9kM2l3dGt1dnd6NGp0Zi5jbG91ZGZyb250Lm5ldC9yYXctZmlsZXMvMTI0LzE2Mi8wM0NQVEFDX1BEQUMtUGlsb3RfV19KSFVfMjAxODA5MjhfTFVNT1NfZjEzLnJhdyIsIkNvbmRpdGlvbiI6eyJEYXRlTGVzc1RoYW4iOnsiQVdTOkVwb2NoVGltZSI6MTc2OTgxNjU2OH19fV19&Key-Pair-Id=APKAIXDMVIARW22I7ILQ&Signature=Ey9OO7z0EM4sgPcDjFXCak6FlbeasubYVEfuzlugqN-~AMWK1Y11aLK1gdjCUvlLYZydC8tx620O5HOmKSekwqUVdG3h1tK1p49kvGjr0sSxW1g2pBM9DUaQuC58z1vDyLXNkRJhA3OPyPk5KdVWEZIDCUNZuNkUJJoFiTmNUt3wlqZ2E1c2MckbGRtur53ZLKlrGUE9~1hEpJt68Fs8URXK8li1fBEd6ZASBevj693SEvXcQG~tPUotNNNdzTymKWz8pkoEEcJPwrQA1MfQ6uivfWf51w8rlVRpUsNRJ0XrQurY2Zpo~ivLQenD0Oxv6iGa84JGZayjdM~CdReAyg__"
"e2f83ccf-155c-4782-bd6d-671a81a5a61e","02CPTAC_PDAC-Pilot_W_JHU_20180924_LUMOS_f20.raw","02CPTAC_PDAC-Pilot_W_JHU_20180924","CPTAC JHU PDAC enrichment","Sampling techniques for enrichment of PDAC - Proteome","PDC000393","1","26da108f-b554-4c81-8397-0aded036fe93","CPTAC3 Discovery and Confirmatory","Raw Mass Spectra","Proprietary","Open","780860108","631b5b2b4dce8305fee6e9939c6c4fd7","Yes","https://d3iwtkuvwz4jtf.cloudfront.net/raw-files/124/162/02CPTAC_PDAC-Pilot_W_JHU_20180924_LUMOS_f20.raw?Policy=eyJTdGF0ZW1lbnQiOlt7IlJlc291cmNlIjoiaHR0cHM6Ly9kM2l3dGt1dnd6NGp0Zi5jbG91ZGZyb250Lm5ldC9yYXctZmlsZXMvMTI0LzE2Mi8wMkNQVEFDX1BEQUMtUGlsb3RfV19KSFVfMjAxODA5MjRfTFVNT1NfZjIwLnJhdyIsIkNvbmRpdGlvbiI6eyJEYXRlTGVzc1RoYW4iOnsiQVdTOkVwb2NoVGltZSI6MTc2OTgxNjU2OH19fV19&Key-Pair-Id=APKAIXDMVIARW22I7ILQ&Signature=PbZoOl2o4GM6nEwW2eUKKRw6OyLwKXaLWkfAszaHZMQksuGPsHE9rCWzky~~89YHpxBRq6yg0c~x2OMXNomiV7JQ7snBjGa8-rXjHh1vjwiQ7UDXI69zN2u2skMJB--KFOFRNFidckBc2Mf9OFRRVBl0fuu5cgJfGFkWr7HFmqLrxuaaAZeW5nqMRRrBWxtNoa8njG-7u-X7L0zxrENNX1~mz6U-fsNbyMEVv-k14KD8qQKPxGO2DC4hBlLybUFrDY~JJ0~LDLvOEVNuN4udx-k0CQ13c23hYkMNd7uR1BORJjZarlJ55BSulEdE9bPaG9BIpwo--Wy-E1z9-lMI3A__"
"e8f76764-30b2-41fb-a18b-c13b92956a6b","02CPTAC_PDAC-Pilot_W_JHU_20180924_LUMOS_f24.raw","02CPTAC_PDAC-Pilot_W_JHU_20180924","CPTAC JHU PDAC enrichment","Sampling techniques for enrichment of PDAC - Proteome","PDC000393","1","26da108f-b554-4c81-8397-0aded036fe93","CPTAC3 Discovery and Confirmatory","Raw Mass Spectra","Proprietary","Open","781286200","5d30039a4cc0ce97da0c466f7098115c","Yes","https://d3iwtkuvwz4jtf.cloudfront.net/raw-files/124/162/02CPTAC_PDAC-Pilot_W_JHU_20180924_LUMOS_f24.raw?Policy=eyJTdGF0ZW1lbnQiOlt7IlJlc291cmNlIjoiaHR0cHM6Ly9kM2l3dGt1dnd6NGp0Zi5jbG91ZGZyb250Lm5ldC9yYXctZmlsZXMvMTI0LzE2Mi8wMkNQVEFDX1BEQUMtUGlsb3RfV19KSFVfMjAxODA5MjRfTFVNT1NfZjI0LnJhdyIsIkNvbmRpdGlvbiI6eyJEYXRlTGVzc1RoYW4iOnsiQVdTOkVwb2NoVGltZSI6MTc2OTgxNjU2OH19fV19&Key-Pair-Id=APKAIXDMVIARW22I7ILQ&Signature=Gy6cx7~bprXSwGl6PR540bZXK8F3xjzDmWHQfSVeMtdB2n2Sft7nsr0zXDta5ZY~GnUUH3DrG76lqtLWvfL4hVW2J4PdYJsEcAZW9LCmQfdN8R7XpnZmqYP8b55QsDEEZxwQX4L0PbPBQ2QCidP5PVZVI-vzpaYmd3WzGITNllwo4du8ZCM1ER1wl7~mhLUMuYHh0evh2PxbiXUdcfiIilK-f9S5OMU6-jF9hj4SxR6K1pOcn~b1bGqNuY~82j4Rr~xnLbruEzUK3nk3~20pgnGTCLjGGXt9bO~lhpgqq0trYf~sWiKU2jUCqGGKYEv8XZyqZehNQJXKSNGSld~Zhw__"
"f3f76d9b-8aa8-4451-b409-4d0c75659ba4","02CPTAC_PDAC-Pilot_W_JHU_20180924_LUMOS_f12.raw","02CPTAC_PDAC-Pilot_W_JHU_20180924","CPTAC JHU PDAC enrichment","Sampling techniques for enrichment of PDAC - Proteome","PDC000393","1","26da108f-b554-4c81-8397-0aded036fe93","CPTAC3 Discovery and Confirmatory","Raw Mass Spectra","Proprietary","Open","841180452","a8a2c9b9cd856e5d605645a6244d180c","Yes","https://d3iwtkuvwz4jtf.cloudfront.net/raw-files/124/162/02CPTAC_PDAC-Pilot_W_JHU_20180924_LUMOS_f12.raw?Policy=eyJTdGF0ZW1lbnQiOlt7IlJlc291cmNlIjoiaHR0cHM6Ly9kM2l3dGt1dnd6NGp0Zi5jbG91ZGZyb250Lm5ldC9yYXctZmlsZXMvMTI0LzE2Mi8wMkNQVEFDX1BEQUMtUGlsb3RfV19KSFVfMjAxODA5MjRfTFVNT1NfZjEyLnJhdyIsIkNvbmRpdGlvbiI6eyJEYXRlTGVzc1RoYW4iOnsiQVdTOkVwb2NoVGltZSI6MTc2OTgxNjU2OH19fV19&Key-Pair-Id=APKAIXDMVIARW22I7ILQ&Signature=DNXF~Ga3wlgfiqhO81xx2LdYvdaZiSF01oMQ-qnUbHbJLX-ss-E9Qug-0rktKe3-76aaY-YKCUdOpLTj~5e8nqwPVWN8iU6~qckRQb~XlDM6LuLmbddrbo~NGt9H-ds3ZoEJoxmjCO8-cf7KZ3FYCX5gW-cFAqPzJyOeIqk3~c~sl~KhcU2~CwEuZiUA~OShMGni-nfY0CpiJuTullycJUZlHqm1koeyP5~jRpksrftmC9cIA2PUp~jK5cl28FEQP0dwnPqFNtZOnU-f54-bn66UOCk7KCIfyVxjC~VvOKM2~j803~oTJzBfYwvnBY-ThRsos85~J~3g6Mpyg5WAvw__"
"f7dbdcae-fcc7-4983-9109-4ea27097e70f","03CPTAC_PDAC-Pilot_W_JHU_20180928_LUMOS_f09.raw","03CPTAC_PDAC-Pilot_W_JHU_20180928","CPTAC JHU PDAC enrichment","Sampling techniques for enrichment of PDAC - Proteome","PDC000393","1","26da108f-b554-4c81-8397-0aded036fe93","CPTAC3 Discovery and Confirmatory","Raw Mass Spectra","Proprietary","Open","758454580","5b7a4f2248b854cfd1282ef239f30995","Yes","https://d3iwtkuvwz4jtf.cloudfront.net/raw-files/124/162/03CPTAC_PDAC-Pilot_W_JHU_20180928_LUMOS_f09.raw?Policy=eyJTdGF0ZW1lbnQiOlt7IlJlc291cmNlIjoiaHR0cHM6Ly9kM2l3dGt1dnd6NGp0Zi5jbG91ZGZyb250Lm5ldC9yYXctZmlsZXMvMTI0LzE2Mi8wM0NQVEFDX1BEQUMtUGlsb3RfV19KSFVfMjAxODA5MjhfTFVNT1NfZjA5LnJhdyIsIkNvbmRpdGlvbiI6eyJEYXRlTGVzc1RoYW4iOnsiQVdTOkVwb2NoVGltZSI6MTc2OTgxNjU2OH19fV19&Key-Pair-Id=APKAIXDMVIARW22I7ILQ&Signature=Dz8eagLySr1ky2J0B6Jz8CbjcrkUkMKhfiSn9ognBEydw~rV0vyjGzBUcvtFhDqUMYxcwHxU0nDbaN7R-iq68FK2TetkGgIvCsq-aRXUO-ff4tMex1sFyIlElPy2n3zyxfKZrJ1cj60udi9B8YmYXbm7sx0vcttMTiHg~ZsscC0LaBKnYwomo3FBSGSDyg8jWJv2oDyYaIYwmKp1DhwFuyeVS0rOY~ad1AgaiUWFHXRPWPPYTNrdqYlEFeewpxCQ~ZMjyLi9wQ6VC2m2ex~qZnXoAIzop0fLDP6UIS9ldUnpxvXr1ihVc-H8TU6W2spTBKOTQGyqYYgkMrelhVDL1g__"
"f90547ba-e911-4dc3-82d5-4d8e888b17c2","03CPTAC_PDAC-Pilot_W_JHU_20180928_LUMOS_f18.raw","03CPTAC_PDAC-Pilot_W_JHU_20180928","CPTAC JHU PDAC enrichment","Sampling techniques for enrichment of PDAC - Proteome","PDC000393","1","26da108f-b554-4c81-8397-0aded036fe93","CPTAC3 Discovery and Confirmatory","Raw Mass Spectra","Proprietary","Open","725349170","bf3726a4248256cae7e8f96ccae463bf","Yes","https://d3iwtkuvwz4jtf.cloudfront.net/raw-files/124/162/03CPTAC_PDAC-Pilot_W_JHU_20180928_LUMOS_f18.raw?Policy=eyJTdGF0ZW1lbnQiOlt7IlJlc291cmNlIjoiaHR0cHM6Ly9kM2l3dGt1dnd6NGp0Zi5jbG91ZGZyb250Lm5ldC9yYXctZmlsZXMvMTI0LzE2Mi8wM0NQVEFDX1BEQUMtUGlsb3RfV19KSFVfMjAxODA5MjhfTFVNT1NfZjE4LnJhdyIsIkNvbmRpdGlvbiI6eyJEYXRlTGVzc1RoYW4iOnsiQVdTOkVwb2NoVGltZSI6MTc2OTgxNjU2OH19fV19&Key-Pair-Id=APKAIXDMVIARW22I7ILQ&Signature=ZlT6J9bp-Ln5~XsHQh2jMxgVNs7Zr7mS0JvtCq1h7QTKPuDM1-tH1ZjmTdrUrCfmNx6rI03siSyhInOBZMfuBepmh~R88HA4snBxibebbBqQedSx-tJ~77qhmkuxpiMWLstWc7X6LoW95LaZhIirWDNEqT4~IJk2qmDUsK9bBc3PxkntkvMdSYX6JH8MwVZUjkK8cChbEZzC7HslI3-VgudaCe9h8v1A8fFbf5VWBAV7jxO3NCJzxzjGhgXrzHMsueYNGpJq9nOCurYk20k1vPDvMi5T~Ts1B~O~GbsAoILkWxcFsyr3EPQlCd0mV3nuJwDXDNTPzw-EdPxnCUeITA__"
"fb3073b6-668d-4dba-82a1-9e7fc412424b","02CPTAC_PDAC-Pilot_W_JHU_20180924_LUMOS_f08.raw","02CPTAC_PDAC-Pilot_W_JHU_20180924","CPTAC JHU PDAC enrichment","Sampling techniques for enrichment of PDAC - Proteome","PDC000393","1","26da108f-b554-4c81-8397-0aded036fe93","CPTAC3 Discovery and Confirmatory","Raw Mass Spectra","Proprietary","Open","811923638","93f1e71eb8bccafaae014e731f8b08d2","Yes","https://d3iwtkuvwz4jtf.cloudfront.net/raw-files/124/162/02CPTAC_PDAC-Pilot_W_JHU_20180924_LUMOS_f08.raw?Policy=eyJTdGF0ZW1lbnQiOlt7IlJlc291cmNlIjoiaHR0cHM6Ly9kM2l3dGt1dnd6NGp0Zi5jbG91ZGZyb250Lm5ldC9yYXctZmlsZXMvMTI0LzE2Mi8wMkNQVEFDX1BEQUMtUGlsb3RfV19KSFVfMjAxODA5MjRfTFVNT1NfZjA4LnJhdyIsIkNvbmRpdGlvbiI6eyJEYXRlTGVzc1RoYW4iOnsiQVdTOkVwb2NoVGltZSI6MTc2OTgxNjU2OH19fV19&Key-Pair-Id=APKAIXDMVIARW22I7ILQ&Signature=OnpfOei0hWCIhIb2CLA4Rr46V~YMkWPa5I1JggSSwhe3t4J0JoimktqpQgCOQyb09xYNMtAA9bUteLTUF6DIj2nHeOTrsNIfSO7s2GomoguF807OqDJLCHalR-7NndIEOhUyXY8T1NSld3DsttKT7BJRAi45yv6PNNSiRfAJjot~uFqSmV7Dv55uRt5MCrK1of~1Iv4KqMbY0RoGOZ3bsIWVp3WJ5Bx0SSd2Qed6mOsMvqjuM4-PUX6tuUzYoGyo37XhV3PaNnM~WCEPM~lohRz~pGNh-2oy9S5iBye0bQFoWsMDs5twt5fLw5l2Ly4W~6ugRLgsKo6rl9am1xuBIA__"
"fbc29129-ed5b-477d-9d28-e5cbd518ee2f","01CPTAC_PDAC-Pilot_W_JHU_20180920_LUMOS_f03.raw","01CPTAC_PDAC-Pilot_W_JHU_20180920","CPTAC JHU PDAC enrichment","Sampling techniques for enrichment of PDAC - Proteome","PDC000393","1","26da108f-b554-4c81-8397-0aded036fe93","CPTAC3 Discovery and Confirmatory","Raw Mass Spectra","Proprietary","Open","927841412","fe05aa224e1a2dcf8b4903c51a572461","Yes","https://d3iwtkuvwz4jtf.cloudfront.net/raw-files/124/162/01CPTAC_PDAC-Pilot_W_JHU_20180920_LUMOS_f03.raw?Policy=eyJTdGF0ZW1lbnQiOlt7IlJlc291cmNlIjoiaHR0cHM6Ly9kM2l3dGt1dnd6NGp0Zi5jbG91ZGZyb250Lm5ldC9yYXctZmlsZXMvMTI0LzE2Mi8wMUNQVEFDX1BEQUMtUGlsb3RfV19KSFVfMjAxODA5MjBfTFVNT1NfZjAzLnJhdyIsIkNvbmRpdGlvbiI6eyJEYXRlTGVzc1RoYW4iOnsiQVdTOkVwb2NoVGltZSI6MTc2OTgxNjU2OH19fV19&Key-Pair-Id=APKAIXDMVIARW22I7ILQ&Signature=DQDAXCEA4HDGysFbs9Iy~kn7ThpV7nCu80xcaf1LeaRTE8shU~NciMc-t7Lb4sEymxE0HHHQDcPqFH9RciJuresRQ9NceuCP~jnlmxD~dMV672DNRTahfcLgidalACxfMZVZK1odtcKk8g6IjKbRBhppk6mQrnahbdUxitv5~9iZkFIgjM-BuUb37JmABePW0fRbH~VsEjuUpTZaGMPBy6CFajXltqdZYbWf-DuCMZiJp94ZkNiRgjodygl4VUDGmvBINmYwCuCmxgV3abB8mUUJPfCbssMzFY50s-AfQUEb5G6vuIOKCbFZ7e2sqHXL6hlngCjsTmvmkPxFQz6Uig__"
"fc67018b-623f-42c1-aa3b-a56d652ce693","03CPTAC_PDAC-Pilot_W_JHU_20180928_LUMOS_f22.raw","03CPTAC_PDAC-Pilot_W_JHU_20180928","CPTAC JHU PDAC enrichment","Sampling techniques for enrichment of PDAC - Proteome","PDC000393","1","26da108f-b554-4c81-8397-0aded036fe93","CPTAC3 Discovery and Confirmatory","Raw Mass Spectra","Proprietary","Open","735986950","30879f2d4816a5e6e47bb80a7d54339d","Yes","https://d3iwtkuvwz4jtf.cloudfront.net/raw-files/124/162/03CPTAC_PDAC-Pilot_W_JHU_20180928_LUMOS_f22.raw?Policy=eyJTdGF0ZW1lbnQiOlt7IlJlc291cmNlIjoiaHR0cHM6Ly9kM2l3dGt1dnd6NGp0Zi5jbG91ZGZyb250Lm5ldC9yYXctZmlsZXMvMTI0LzE2Mi8wM0NQVEFDX1BEQUMtUGlsb3RfV19KSFVfMjAxODA5MjhfTFVNT1NfZjIyLnJhdyIsIkNvbmRpdGlvbiI6eyJEYXRlTGVzc1RoYW4iOnsiQVdTOkVwb2NoVGltZSI6MTc2OTgxNjU2OH19fV19&Key-Pair-Id=APKAIXDMVIARW22I7ILQ&Signature=ICXJUGW3-DdUdqPDvgOAqLIzUr4PdTvRBzdQEZe7njTDlN28Zti~FqY0EuMkuHmS2ei0dgX7Lm7BECrhol6fl0A~DcDXkLtts2vnVkGDjU9tPdFogyIbbOQWljPInGQg5xUKg41uDfGkYUjPZZ-pdZdH~ZdMZCOhDKLq1zOac~dQ2YiHFhFpg8XJwFRNU8FcspbAsfSanI3AqIkYl3gyyjWRuzYqe~S0un7CYZMk5Sq~OMCZTTIEmRQnIdB3aAhLgXolG5S8Wzbx3pUSoSZmWWIEpcNhsTWQG0~kC71k9kFvtXN1-cIHxlf2NDpfUbxRUtCqyqWK1fH9w5GFpl9f9w__"
"fcfc1bf9-ee28-48be-8019-63db735e0b61","02CPTAC_PDAC-Pilot_W_JHU_20180924_LUMOS_f22.raw","02CPTAC_PDAC-Pilot_W_JHU_20180924","CPTAC JHU PDAC enrichment","Sampling techniques for enrichment of PDAC - Proteome","PDC000393","1","26da108f-b554-4c81-8397-0aded036fe93","CPTAC3 Discovery and Confirmatory","Raw Mass Spectra","Proprietary","Open","819800076","f0e453ff751854a44ceb5b43fe89a46f","Yes","https://d3iwtkuvwz4jtf.cloudfront.net/raw-files/124/162/02CPTAC_PDAC-Pilot_W_JHU_20180924_LUMOS_f22.raw?Policy=eyJTdGF0ZW1lbnQiOlt7IlJlc291cmNlIjoiaHR0cHM6Ly9kM2l3dGt1dnd6NGp0Zi5jbG91ZGZyb250Lm5ldC9yYXctZmlsZXMvMTI0LzE2Mi8wMkNQVEFDX1BEQUMtUGlsb3RfV19KSFVfMjAxODA5MjRfTFVNT1NfZjIyLnJhdyIsIkNvbmRpdGlvbiI6eyJEYXRlTGVzc1RoYW4iOnsiQVdTOkVwb2NoVGltZSI6MTc2OTgxNjU2OH19fV19&Key-Pair-Id=APKAIXDMVIARW22I7ILQ&Signature=Gul7ZBzbCGWo5DqtpUy2mXMGzb9Gpr92sjPeibL84mvoeVCcoR~RN0StGVshbknA1jf-GfwP0a6erURgOMf-k07hnnLoMoYLCFyTXkJEOW8lfc31KEtKtsu7VuxuVspznp93foyrBIfm9kSFwmM5zgkbGCUWQ~hsybW--fqOR8Peah~Lv1cUHbqif6AV2dFlpH00QuMHv3x41LsgRAOGnDKxKkbDPxVkOGutU2WTb5bj7rKzXS~LXGQQzEl2ShrSUFj96ebzqffmm~TFKviuKA7WeH5spOpolsPBRuYIUnLWw89vp7rqQXKftkJx1FJLlwsy1lVTX2XcLLCo19J5Xg__"
"fddc63f4-9293-444e-843e-f62cfad7f357","01CPTAC_PDAC-Pilot_W_JHU_20180920_LUMOS_f11.raw","01CPTAC_PDAC-Pilot_W_JHU_20180920","CPTAC JHU PDAC enrichment","Sampling techniques for enrichment of PDAC - Proteome","PDC000393","1","26da108f-b554-4c81-8397-0aded036fe93","CPTAC3 Discovery and Confirmatory","Raw Mass Spectra","Proprietary","Open","875059624","72cd74687f8069dc8874f2ddfd2cac2f","Yes","https://d3iwtkuvwz4jtf.cloudfront.net/raw-files/124/162/01CPTAC_PDAC-Pilot_W_JHU_20180920_LUMOS_f11.raw?Policy=eyJTdGF0ZW1lbnQiOlt7IlJlc291cmNlIjoiaHR0cHM6Ly9kM2l3dGt1dnd6NGp0Zi5jbG91ZGZyb250Lm5ldC9yYXctZmlsZXMvMTI0LzE2Mi8wMUNQVEFDX1BEQUMtUGlsb3RfV19KSFVfMjAxODA5MjBfTFVNT1NfZjExLnJhdyIsIkNvbmRpdGlvbiI6eyJEYXRlTGVzc1RoYW4iOnsiQVdTOkVwb2NoVGltZSI6MTc2OTgxNjU2OH19fV19&Key-Pair-Id=APKAIXDMVIARW22I7ILQ&Signature=eOeuy5sADBb9fXkZIIawT~a9jmsfXCZEtFnxgfe0IX-0ZjV5y1IWI1M0w3rvZoWydf~hOLWhx8594yaThLRCeMszf314wyRPdMYAGbMG2ikuxCNOHrzYMTUJp2FKRNXDS9mcxT7RgI4Nr9G8q-QAwmkhkHS-3aQC475fhLoi8MlB50~ThDUppGyyREtytbHke2bJyKEMUAAXqb8os7DfmGc8XOexgvFD3rjNFYOKdOLdxX5XjB1anzJE4Fx69gdd3rj7kOgzOHDF~hfs5-cb28J7WJZMzipwZyl-q-6hIY6MgWoWPvWndtEDjxytaPXokoOJH~LNecb~EepBfo8Xfg__"
"fe94cd36-88f6-4654-a198-c396381489d5","03CPTAC_PDAC-Pilot_W_JHU_20180928_LUMOS_f10.raw","03CPTAC_PDAC-Pilot_W_JHU_20180928","CPTAC JHU PDAC enrichment","Sampling techniques for enrichment of PDAC - Proteome","PDC000393","1","26da108f-b554-4c81-8397-0aded036fe93","CPTAC3 Discovery and Confirmatory","Raw Mass Spectra","Proprietary","Open","790260616","b8a2ed4191503c340e64cb6e1ec5038b","Yes","https://d3iwtkuvwz4jtf.cloudfront.net/raw-files/124/162/03CPTAC_PDAC-Pilot_W_JHU_20180928_LUMOS_f10.raw?Policy=eyJTdGF0ZW1lbnQiOlt7IlJlc291cmNlIjoiaHR0cHM6Ly9kM2l3dGt1dnd6NGp0Zi5jbG91ZGZyb250Lm5ldC9yYXctZmlsZXMvMTI0LzE2Mi8wM0NQVEFDX1BEQUMtUGlsb3RfV19KSFVfMjAxODA5MjhfTFVNT1NfZjEwLnJhdyIsIkNvbmRpdGlvbiI6eyJEYXRlTGVzc1RoYW4iOnsiQVdTOkVwb2NoVGltZSI6MTc2OTgxNjU2OH19fV19&Key-Pair-Id=APKAIXDMVIARW22I7ILQ&Signature=EuzND2vDa~JpHW8xs9E-8YULq3Kk2Fus0RxpFcoJAN5gRE-8XmPUMJee1zMZOSsVhAiTffmU-U3KS3t48KroSO2BzPc4wHPJV3CUxVDTiYuRSY5imN~56ddN1BqjfDb74AJTqje1RbeW~8cW9sEevwU3jJGPP5Sbkl8r4aU7GhefGUfSLqHFQbiD9pC9k1ifjbgQVUVurAcJvfblQY2WKcu-VDH9~yTeeTWAWkd-06qyaRkPjije1OpFNwac8r6CkKwsQDSnPSBhKMeZkRMB3-cYkCWKmPl4xLfCatKatbTa07xGC0PO74T3tFVpQ1STdGD9rGOllisLPrvst3Gb8A__"
